"Name","Race","Word","CosineSimilarity","Good_or_Bad"
"Reginald","Black","happy",0.9961542,"Good"
"Reginald","Black","agreeable",0.99467206,"Good"
"Reginald","Black","polite",0.9950208,"Good"
"Reginald","Black","civil",0.99552786,"Good"
"Reginald","Black","charming",0.9961393,"Good"
"Reginald","Black","gracious",0.9929471,"Good"
"Reginald","Black","gentle",0.995123,"Good"
"Reginald","Black","approachable",0.9696041,"Good"
"Reginald","Black","love",0.99467146,"Good"
"Reginald","Black","cool",0.9957224,"Good"
"Kameron","Black","happy",0.99718046,"Good"
"Kameron","Black","agreeable",0.99517626,"Good"
"Kameron","Black","polite",0.9988538,"Good"
"Kameron","Black","civil",0.9964257,"Good"
"Kameron","Black","charming",0.9968982,"Good"
"Kameron","Black","gracious",0.9981346,"Good"
"Kameron","Black","gentle",0.99903286,"Good"
"Kameron","Black","approachable",0.96965337,"Good"
"Kameron","Black","love",0.99361104,"Good"
"Kameron","Black","cool",0.9959079,"Good"
"Kendrick","Black","happy",0.99586225,"Good"
"Kendrick","Black","agreeable",0.993451,"Good"
"Kendrick","Black","polite",0.9991759,"Good"
"Kendrick","Black","civil",0.9948632,"Good"
"Kendrick","Black","charming",0.9954774,"Good"
"Kendrick","Black","gracious",0.99922025,"Good"
"Kendrick","Black","gentle",0.9992956,"Good"
"Kendrick","Black","approachable",0.9683312,"Good"
"Kendrick","Black","love",0.9919614,"Good"
"Kendrick","Black","cool",0.9942555,"Good"
"Javon","Black","happy",0.9974679,"Good"
"Javon","Black","agreeable",0.99645835,"Good"
"Javon","Black","polite",0.99588776,"Good"
"Javon","Black","civil",0.9961737,"Good"
"Javon","Black","charming",0.99738383,"Good"
"Javon","Black","gracious",0.99377686,"Good"
"Javon","Black","gentle",0.9959185,"Good"
"Javon","Black","approachable",0.97041786,"Good"
"Javon","Black","love",0.99395883,"Good"
"Javon","Black","cool",0.99713486,"Good"
"Tyrell","Black","happy",0.9979273,"Good"
"Tyrell","Black","agreeable",0.99548155,"Good"
"Tyrell","Black","polite",0.99903554,"Good"
"Tyrell","Black","civil",0.99690795,"Good"
"Tyrell","Black","charming",0.9972778,"Good"
"Tyrell","Black","gracious",0.99771833,"Good"
"Tyrell","Black","gentle",0.9989995,"Good"
"Tyrell","Black","approachable",0.97015035,"Good"
"Tyrell","Black","love",0.99445677,"Good"
"Tyrell","Black","cool",0.9969523,"Good"
"Jamar","Black","happy",0.9974679,"Good"
"Jamar","Black","agreeable",0.99645835,"Good"
"Jamar","Black","polite",0.99588776,"Good"
"Jamar","Black","civil",0.9961737,"Good"
"Jamar","Black","charming",0.99738383,"Good"
"Jamar","Black","gracious",0.99377686,"Good"
"Jamar","Black","gentle",0.9959185,"Good"
"Jamar","Black","approachable",0.97041786,"Good"
"Jamar","Black","love",0.99395883,"Good"
"Jamar","Black","cool",0.99713486,"Good"
"Camron","Black","happy",0.9959382,"Good"
"Camron","Black","agreeable",0.9935494,"Good"
"Camron","Black","polite",0.9993019,"Good"
"Camron","Black","civil",0.9949469,"Good"
"Camron","Black","charming",0.9953955,"Good"
"Camron","Black","gracious",0.99946964,"Good"
"Camron","Black","gentle",0.9992754,"Good"
"Camron","Black","approachable",0.9685061,"Good"
"Camron","Black","love",0.9924051,"Good"
"Camron","Black","cool",0.9944951,"Good"
"Tyree","Black","happy",0.9979273,"Good"
"Tyree","Black","agreeable",0.99548155,"Good"
"Tyree","Black","polite",0.99903554,"Good"
"Tyree","Black","civil",0.99690795,"Good"
"Tyree","Black","charming",0.9972778,"Good"
"Tyree","Black","gracious",0.99771833,"Good"
"Tyree","Black","gentle",0.9989995,"Good"
"Tyree","Black","approachable",0.97015035,"Good"
"Tyree","Black","love",0.99445677,"Good"
"Tyree","Black","cool",0.9969523,"Good"
"Jamari","Black","happy",0.9974679,"Good"
"Jamari","Black","agreeable",0.99645835,"Good"
"Jamari","Black","polite",0.99588776,"Good"
"Jamari","Black","civil",0.9961737,"Good"
"Jamari","Black","charming",0.99738383,"Good"
"Jamari","Black","gracious",0.99377686,"Good"
"Jamari","Black","gentle",0.9959185,"Good"
"Jamari","Black","approachable",0.97041786,"Good"
"Jamari","Black","love",0.99395883,"Good"
"Jamari","Black","cool",0.99713486,"Good"
"Reggie","Black","happy",0.99556524,"Good"
"Reggie","Black","agreeable",0.993171,"Good"
"Reggie","Black","polite",0.99895114,"Good"
"Reggie","Black","civil",0.99472964,"Good"
"Reggie","Black","charming",0.9953667,"Good"
"Reggie","Black","gracious",0.99905133,"Good"
"Reggie","Black","gentle",0.99903756,"Good"
"Reggie","Black","approachable",0.9681657,"Good"
"Reggie","Black","love",0.9925658,"Good"
"Reggie","Black","cool",0.9941031,"Good"
"Jada","Black","happy",0.9974679,"Good"
"Jada","Black","agreeable",0.99645835,"Good"
"Jada","Black","polite",0.99588776,"Good"
"Jada","Black","civil",0.9961737,"Good"
"Jada","Black","charming",0.99738383,"Good"
"Jada","Black","gracious",0.99377686,"Good"
"Jada","Black","gentle",0.9959185,"Good"
"Jada","Black","approachable",0.97041786,"Good"
"Jada","Black","love",0.99395883,"Good"
"Jada","Black","cool",0.99713486,"Good"
"Latoya","Black","happy",0.99785006,"Good"
"Latoya","Black","agreeable",0.9968411,"Good"
"Latoya","Black","polite",0.9948042,"Good"
"Latoya","Black","civil",0.99647737,"Good"
"Latoya","Black","charming",0.99780023,"Good"
"Latoya","Black","gracious",0.99207056,"Good"
"Latoya","Black","gentle",0.9949586,"Good"
"Latoya","Black","approachable",0.97232974,"Good"
"Latoya","Black","love",0.99529487,"Good"
"Latoya","Black","cool",0.9974073,"Good"
"Jayla","Black","happy",0.9974679,"Good"
"Jayla","Black","agreeable",0.99645835,"Good"
"Jayla","Black","polite",0.99588776,"Good"
"Jayla","Black","civil",0.9961737,"Good"
"Jayla","Black","charming",0.99738383,"Good"
"Jayla","Black","gracious",0.99377686,"Good"
"Jayla","Black","gentle",0.9959185,"Good"
"Jayla","Black","approachable",0.97041786,"Good"
"Jayla","Black","love",0.99395883,"Good"
"Jayla","Black","cool",0.99713486,"Good"
"Tamika","Black","happy",0.9963926,"Good"
"Tamika","Black","agreeable",0.9939654,"Good"
"Tamika","Black","polite",0.9994581,"Good"
"Tamika","Black","civil",0.9955624,"Good"
"Tamika","Black","charming",0.99588567,"Good"
"Tamika","Black","gracious",0.9993013,"Good"
"Tamika","Black","gentle",0.9992684,"Good"
"Tamika","Black","approachable",0.968949,"Good"
"Tamika","Black","love",0.992855,"Good"
"Tamika","Black","cool",0.9950398,"Good"
"Latoyna","Black","happy",0.99785006,"Good"
"Latoyna","Black","agreeable",0.9968411,"Good"
"Latoyna","Black","polite",0.9948042,"Good"
"Latoyna","Black","civil",0.99647737,"Good"
"Latoyna","Black","charming",0.99780023,"Good"
"Latoyna","Black","gracious",0.99207056,"Good"
"Latoyna","Black","gentle",0.9949586,"Good"
"Latoyna","Black","approachable",0.97232974,"Good"
"Latoyna","Black","love",0.99529487,"Good"
"Latoyna","Black","cool",0.9974073,"Good"
"Journey","Black","happy",0.9960386,"Good"
"Journey","Black","agreeable",0.99533147,"Good"
"Journey","Black","polite",0.99450696,"Good"
"Journey","Black","civil",0.99539435,"Good"
"Journey","Black","charming",0.99592483,"Good"
"Journey","Black","gracious",0.9924646,"Good"
"Journey","Black","gentle",0.9946101,"Good"
"Journey","Black","approachable",0.9794343,"Good"
"Journey","Black","love",0.99451846,"Good"
"Journey","Black","cool",0.9956936,"Good"
"Tameka","Black","happy",0.9963926,"Good"
"Tameka","Black","agreeable",0.9939654,"Good"
"Tameka","Black","polite",0.9994581,"Good"
"Tameka","Black","civil",0.9955624,"Good"
"Tameka","Black","charming",0.99588567,"Good"
"Tameka","Black","gracious",0.9993013,"Good"
"Tameka","Black","gentle",0.9992684,"Good"
"Tameka","Black","approachable",0.968949,"Good"
"Tameka","Black","love",0.992855,"Good"
"Tameka","Black","cool",0.9950398,"Good"
"Journee","Black","happy",0.9951592,"Good"
"Journee","Black","agreeable",0.9950524,"Good"
"Journee","Black","polite",0.9919389,"Good"
"Journee","Black","civil",0.99435896,"Good"
"Journee","Black","charming",0.9953956,"Good"
"Journee","Black","gracious",0.989437,"Good"
"Journee","Black","gentle",0.9923492,"Good"
"Journee","Black","approachable",0.9691706,"Good"
"Journee","Black","love",0.9933663,"Good"
"Journee","Black","cool",0.99462134,"Good"
"Lawanda","Black","happy",0.993457,"Good"
"Lawanda","Black","agreeable",0.99310356,"Good"
"Lawanda","Black","polite",0.99082404,"Good"
"Lawanda","Black","civil",0.99363875,"Good"
"Lawanda","Black","charming",0.9938658,"Good"
"Lawanda","Black","gracious",0.98817015,"Good"
"Lawanda","Black","gentle",0.9912232,"Good"
"Lawanda","Black","approachable",0.9692608,"Good"
"Lawanda","Black","love",0.9942659,"Good"
"Lawanda","Black","cool",0.99397284,"Good"
"Janiya","Black","happy",0.996517,"Good"
"Janiya","Black","agreeable",0.9938999,"Good"
"Janiya","Black","polite",0.99925566,"Good"
"Janiya","Black","civil",0.9956258,"Good"
"Janiya","Black","charming",0.9960283,"Good"
"Janiya","Black","gracious",0.9987484,"Good"
"Janiya","Black","gentle",0.999144,"Good"
"Janiya","Black","approachable",0.96848,"Good"
"Janiya","Black","love",0.9927779,"Good"
"Janiya","Black","cool",0.9952083,"Good"
"James","White","happy",0.9680222,"Good"
"James","White","agreeable",0.96810734,"Good"
"James","White","polite",0.9670202,"Good"
"James","White","civil",0.96704286,"Good"
"James","White","charming",0.9684973,"Good"
"James","White","gracious",0.96524787,"Good"
"James","White","gentle",0.9668551,"Good"
"James","White","approachable",0.99500203,"Good"
"James","White","love",0.9672433,"Good"
"James","White","cool",0.96699864,"Good"
"John","White","happy",0.9689073,"Good"
"John","White","agreeable",0.969759,"Good"
"John","White","polite",0.96727467,"Good"
"John","White","civil",0.9685175,"Good"
"John","White","charming",0.96996737,"Good"
"John","White","gracious",0.96514904,"Good"
"John","White","gentle",0.967153,"Good"
"John","White","approachable",0.99421495,"Good"
"John","White","love",0.96920913,"Good"
"John","White","cool",0.96828234,"Good"
"Robert","White","happy",0.9967734,"Good"
"Robert","White","agreeable",0.99428046,"Good"
"Robert","White","polite",0.99918735,"Good"
"Robert","White","civil",0.99592036,"Good"
"Robert","White","charming",0.99609935,"Good"
"Robert","White","gracious",0.9985265,"Good"
"Robert","White","gentle",0.9992774,"Good"
"Robert","White","approachable",0.9682897,"Good"
"Robert","White","love",0.9928534,"Good"
"Robert","White","cool",0.9954638,"Good"
"Michael","White","happy",0.99692124,"Good"
"Michael","White","agreeable",0.99667597,"Good"
"Michael","White","polite",0.9946975,"Good"
"Michael","White","civil",0.996304,"Good"
"Michael","White","charming",0.9970778,"Good"
"Michael","White","gracious",0.9922546,"Good"
"Michael","White","gentle",0.99481654,"Good"
"Michael","White","approachable",0.97186714,"Good"
"Michael","White","love",0.9950992,"Good"
"Michael","White","cool",0.99680525,"Good"
"William","White","happy",0.99719393,"Good"
"William","White","agreeable",0.99599564,"Good"
"William","White","polite",0.9956294,"Good"
"William","White","civil",0.9966063,"Good"
"William","White","charming",0.9969087,"Good"
"William","White","gracious",0.99340117,"Good"
"William","White","gentle",0.9957519,"Good"
"William","White","approachable",0.9728385,"Good"
"William","White","love",0.99535507,"Good"
"William","White","cool",0.996707,"Good"
"David","White","happy",0.97435504,"Good"
"David","White","agreeable",0.9758691,"Good"
"David","White","polite",0.9728241,"Good"
"David","White","civil",0.9740354,"Good"
"David","White","charming",0.97503394,"Good"
"David","White","gracious",0.97075623,"Good"
"David","White","gentle",0.9728106,"Good"
"David","White","approachable",0.9930381,"Good"
"David","White","love",0.9749006,"Good"
"David","White","cool",0.9733666,"Good"
"Joseph","White","happy",0.9693938,"Good"
"Joseph","White","agreeable",0.9697031,"Good"
"Joseph","White","polite",0.9678681,"Good"
"Joseph","White","civil",0.96860003,"Good"
"Joseph","White","charming",0.9696118,"Good"
"Joseph","White","gracious",0.9656697,"Good"
"Joseph","White","gentle",0.9673306,"Good"
"Joseph","White","approachable",0.99390036,"Good"
"Joseph","White","love",0.9685139,"Good"
"Joseph","White","cool",0.96718943,"Good"
"Richard","White","happy",0.9971648,"Good"
"Richard","White","agreeable",0.99548143,"Good"
"Richard","White","polite",0.99571514,"Good"
"Richard","White","civil",0.9963805,"Good"
"Richard","White","charming",0.996919,"Good"
"Richard","White","gracious",0.99348086,"Good"
"Richard","White","gentle",0.9957549,"Good"
"Richard","White","approachable",0.97048247,"Good"
"Richard","White","love",0.9943267,"Good"
"Richard","White","cool",0.9966619,"Good"
"Charles","White","happy",0.9613819,"Good"
"Charles","White","agreeable",0.96003115,"Good"
"Charles","White","polite",0.96407056,"Good"
"Charles","White","civil",0.9602898,"Good"
"Charles","White","charming",0.96135104,"Good"
"Charles","White","gracious",0.9639415,"Good"
"Charles","White","gentle",0.96436083,"Good"
"Charles","White","approachable",0.9903057,"Good"
"Charles","White","love",0.9589394,"Good"
"Charles","White","cool",0.9594145,"Good"
"Thomas","White","happy",0.99809176,"Good"
"Thomas","White","agreeable",0.99563813,"Good"
"Thomas","White","polite",0.9975556,"Good"
"Thomas","White","civil",0.9968345,"Good"
"Thomas","White","charming",0.9972305,"Good"
"Thomas","White","gracious",0.99565196,"Good"
"Thomas","White","gentle",0.9973941,"Good"
"Thomas","White","approachable",0.9700151,"Good"
"Thomas","White","love",0.9941845,"Good"
"Thomas","White","cool",0.99666965,"Good"
"Mary","White","happy",0.99721444,"Good"
"Mary","White","agreeable",0.9957741,"Good"
"Mary","White","polite",0.99555016,"Good"
"Mary","White","civil",0.9963276,"Good"
"Mary","White","charming",0.9970136,"Good"
"Mary","White","gracious",0.9931695,"Good"
"Mary","White","gentle",0.99562687,"Good"
"Mary","White","approachable",0.97046226,"Good"
"Mary","White","love",0.99462074,"Good"
"Mary","White","cool",0.9970813,"Good"
"Elizabeth","White","happy",0.9975031,"Good"
"Elizabeth","White","agreeable",0.9953474,"Good"
"Elizabeth","White","polite",0.9964389,"Good"
"Elizabeth","White","civil",0.9967978,"Good"
"Elizabeth","White","charming",0.99648625,"Good"
"Elizabeth","White","gracious",0.99413484,"Good"
"Elizabeth","White","gentle",0.9964317,"Good"
"Elizabeth","White","approachable",0.9688902,"Good"
"Elizabeth","White","love",0.9941063,"Good"
"Elizabeth","White","cool",0.9967984,"Good"
"Patricia","White","happy",0.9973259,"Good"
"Patricia","White","agreeable",0.9962944,"Good"
"Patricia","White","polite",0.99551564,"Good"
"Patricia","White","civil",0.99635,"Good"
"Patricia","White","charming",0.9967865,"Good"
"Patricia","White","gracious",0.9931551,"Good"
"Patricia","White","gentle",0.9954163,"Good"
"Patricia","White","approachable",0.9711734,"Good"
"Patricia","White","love",0.99410045,"Good"
"Patricia","White","cool",0.9964536,"Good"
"Jennifer","White","happy",0.998061,"Good"
"Jennifer","White","agreeable",0.9965247,"Good"
"Jennifer","White","polite",0.99632317,"Good"
"Jennifer","White","civil",0.9974915,"Good"
"Jennifer","White","charming",0.99731094,"Good"
"Jennifer","White","gracious",0.993985,"Good"
"Jennifer","White","gentle",0.9964788,"Good"
"Jennifer","White","approachable",0.96999943,"Good"
"Jennifer","White","love",0.99446374,"Good"
"Jennifer","White","cool",0.9971,"Good"
"Linda","White","happy",0.9977648,"Good"
"Linda","White","agreeable",0.99650276,"Good"
"Linda","White","polite",0.9956978,"Good"
"Linda","White","civil",0.99704695,"Good"
"Linda","White","charming",0.99765563,"Good"
"Linda","White","gracious",0.99336475,"Good"
"Linda","White","gentle",0.9959732,"Good"
"Linda","White","approachable",0.9703438,"Good"
"Linda","White","love",0.99531156,"Good"
"Linda","White","cool",0.9974978,"Good"
"Barbara","White","happy",0.9977093,"Good"
"Barbara","White","agreeable",0.9958603,"Good"
"Barbara","White","polite",0.9964806,"Good"
"Barbara","White","civil",0.9972223,"Good"
"Barbara","White","charming",0.9974822,"Good"
"Barbara","White","gracious",0.99438566,"Good"
"Barbara","White","gentle",0.9965278,"Good"
"Barbara","White","approachable",0.97018677,"Good"
"Barbara","White","love",0.9937781,"Good"
"Barbara","White","cool",0.9964566,"Good"
"Margaret","White","happy",0.9982628,"Good"
"Margaret","White","agreeable",0.99627095,"Good"
"Margaret","White","polite",0.99710155,"Good"
"Margaret","White","civil",0.99707043,"Good"
"Margaret","White","charming",0.9975825,"Good"
"Margaret","White","gracious",0.99504286,"Good"
"Margaret","White","gentle",0.99714184,"Good"
"Margaret","White","approachable",0.9711351,"Good"
"Margaret","White","love",0.9950547,"Good"
"Margaret","White","cool",0.9973686,"Good"
"Susan","White","happy",0.9963648,"Good"
"Susan","White","agreeable",0.99411297,"Good"
"Susan","White","polite",0.9991019,"Good"
"Susan","White","civil",0.99540913,"Good"
"Susan","White","charming",0.9957905,"Good"
"Susan","White","gracious",0.99867207,"Good"
"Susan","White","gentle",0.99913776,"Good"
"Susan","White","approachable",0.96822244,"Good"
"Susan","White","love",0.9924089,"Good"
"Susan","White","cool",0.99490285,"Good"
"Sarah","White","happy",0.9978037,"Good"
"Sarah","White","agreeable",0.995982,"Good"
"Sarah","White","polite",0.99620414,"Good"
"Sarah","White","civil",0.99709535,"Good"
"Sarah","White","charming",0.9968948,"Good"
"Sarah","White","gracious",0.9938072,"Good"
"Sarah","White","gentle",0.9962218,"Good"
"Sarah","White","approachable",0.9695683,"Good"
"Sarah","White","love",0.9941761,"Good"
"Sarah","White","cool",0.9972018,"Good"
"Jessica","White","happy",0.9959116,"Good"
"Jessica","White","agreeable",0.9932315,"Good"
"Jessica","White","polite",0.99915034,"Good"
"Jessica","White","civil",0.995038,"Good"
"Jessica","White","charming",0.99524087,"Good"
"Jessica","White","gracious",0.9990647,"Good"
"Jessica","White","gentle",0.9991063,"Good"
"Jessica","White","approachable",0.96767974,"Good"
"Jessica","White","love",0.9917577,"Good"
"Jessica","White","cool",0.9943664,"Good"
"Paul","Latinx","happy",0.9968199,"Good"
"Paul","Latinx","agreeable",0.9959794,"Good"
"Paul","Latinx","polite",0.9951861,"Good"
"Paul","Latinx","civil",0.99702305,"Good"
"Paul","Latinx","charming",0.9966585,"Good"
"Paul","Latinx","gracious",0.99301255,"Good"
"Paul","Latinx","gentle",0.99537945,"Good"
"Paul","Latinx","approachable",0.97183657,"Good"
"Paul","Latinx","love",0.9950863,"Good"
"Paul","Latinx","cool",0.99661446,"Good"
"Vincent","Latinx","happy",0.9971343,"Good"
"Vincent","Latinx","agreeable",0.9961917,"Good"
"Vincent","Latinx","polite",0.9963381,"Good"
"Vincent","Latinx","civil",0.9966223,"Good"
"Vincent","Latinx","charming",0.996851,"Good"
"Vincent","Latinx","gracious",0.99430066,"Good"
"Vincent","Latinx","gentle",0.99621964,"Good"
"Vincent","Latinx","approachable",0.9703579,"Good"
"Vincent","Latinx","love",0.9942428,"Good"
"Vincent","Latinx","cool",0.9962051,"Good"
"Victor","Latinx","happy",0.9964251,"Good"
"Victor","Latinx","agreeable",0.9939175,"Good"
"Victor","Latinx","polite",0.9991335,"Good"
"Victor","Latinx","civil",0.99558914,"Good"
"Victor","Latinx","charming",0.9961698,"Good"
"Victor","Latinx","gracious",0.9985419,"Good"
"Victor","Latinx","gentle",0.99922276,"Good"
"Victor","Latinx","approachable",0.9686619,"Good"
"Victor","Latinx","love",0.9928695,"Good"
"Victor","Latinx","cool",0.99511224,"Good"
"Adrian","Latinx","happy",0.9975989,"Good"
"Adrian","Latinx","agreeable",0.99657536,"Good"
"Adrian","Latinx","polite",0.99576235,"Good"
"Adrian","Latinx","civil",0.9972229,"Good"
"Adrian","Latinx","charming",0.9970981,"Good"
"Adrian","Latinx","gracious",0.9935513,"Good"
"Adrian","Latinx","gentle",0.99581546,"Good"
"Adrian","Latinx","approachable",0.97055644,"Good"
"Adrian","Latinx","love",0.9943739,"Good"
"Adrian","Latinx","cool",0.9969002,"Good"
"Marcus","Latinx","happy",0.997412,"Good"
"Marcus","Latinx","agreeable",0.99589354,"Good"
"Marcus","Latinx","polite",0.9968978,"Good"
"Marcus","Latinx","civil",0.99672335,"Good"
"Marcus","Latinx","charming",0.9975384,"Good"
"Marcus","Latinx","gracious",0.9947776,"Good"
"Marcus","Latinx","gentle",0.9967946,"Good"
"Marcus","Latinx","approachable",0.9704932,"Good"
"Marcus","Latinx","love",0.99392724,"Good"
"Marcus","Latinx","cool",0.9969735,"Good"
"Leo","Latinx","happy",0.9954921,"Good"
"Leo","Latinx","agreeable",0.992842,"Good"
"Leo","Latinx","polite",0.9993384,"Good"
"Leo","Latinx","civil",0.994616,"Good"
"Leo","Latinx","charming",0.99477637,"Good"
"Leo","Latinx","gracious",0.99957496,"Good"
"Leo","Latinx","gentle",0.99913913,"Good"
"Leo","Latinx","approachable",0.9679183,"Good"
"Leo","Latinx","love",0.9913557,"Good"
"Leo","Latinx","cool",0.9937494,"Good"
"Miles","Latinx","happy",0.9981833,"Good"
"Miles","Latinx","agreeable",0.9960875,"Good"
"Miles","Latinx","polite",0.99873704,"Good"
"Miles","Latinx","civil",0.9970608,"Good"
"Miles","Latinx","charming",0.99785435,"Good"
"Miles","Latinx","gracious",0.997509,"Good"
"Miles","Latinx","gentle",0.99888957,"Good"
"Miles","Latinx","approachable",0.9708863,"Good"
"Miles","Latinx","love",0.99511284,"Good"
"Miles","Latinx","cool",0.9972031,"Good"
"Roman","Latinx","happy",0.9977876,"Good"
"Roman","Latinx","agreeable",0.99562573,"Good"
"Roman","Latinx","polite",0.99907273,"Good"
"Roman","Latinx","civil",0.997178,"Good"
"Roman","Latinx","charming",0.9973496,"Good"
"Roman","Latinx","gracious",0.99806225,"Good"
"Roman","Latinx","gentle",0.99919736,"Good"
"Roman","Latinx","approachable",0.9705629,"Good"
"Roman","Latinx","love",0.9942279,"Good"
"Roman","Latinx","cool",0.99677813,"Good"
"Sergio","Latinx","happy",0.99763596,"Good"
"Sergio","Latinx","agreeable",0.99605083,"Good"
"Sergio","Latinx","polite",0.99637645,"Good"
"Sergio","Latinx","civil",0.99723005,"Good"
"Sergio","Latinx","charming",0.9973778,"Good"
"Sergio","Latinx","gracious",0.99431735,"Good"
"Sergio","Latinx","gentle",0.9965137,"Good"
"Sergio","Latinx","approachable",0.97002447,"Good"
"Sergio","Latinx","love",0.9942725,"Good"
"Sergio","Latinx","cool",0.99685746,"Good"
"Felix","Latinx","happy",0.9982232,"Good"
"Felix","Latinx","agreeable",0.9960182,"Good"
"Felix","Latinx","polite",0.99835134,"Good"
"Felix","Latinx","civil",0.99736714,"Good"
"Felix","Latinx","charming",0.997827,"Good"
"Felix","Latinx","gracious",0.9964461,"Good"
"Felix","Latinx","gentle",0.99833184,"Good"
"Felix","Latinx","approachable",0.97067803,"Good"
"Felix","Latinx","love",0.99413526,"Good"
"Felix","Latinx","cool",0.99717075,"Good"
"Patricia","Latinx","happy",0.9973259,"Good"
"Patricia","Latinx","agreeable",0.9962944,"Good"
"Patricia","Latinx","polite",0.99551564,"Good"
"Patricia","Latinx","civil",0.99635,"Good"
"Patricia","Latinx","charming",0.9967865,"Good"
"Patricia","Latinx","gracious",0.9931551,"Good"
"Patricia","Latinx","gentle",0.9954163,"Good"
"Patricia","Latinx","approachable",0.9711734,"Good"
"Patricia","Latinx","love",0.99410045,"Good"
"Patricia","Latinx","cool",0.9964536,"Good"
"Laura","Latinx","happy",0.9973674,"Good"
"Laura","Latinx","agreeable",0.99600637,"Good"
"Laura","Latinx","polite",0.9958418,"Good"
"Laura","Latinx","civil",0.99612254,"Good"
"Laura","Latinx","charming",0.99729705,"Good"
"Laura","Latinx","gracious",0.99363995,"Good"
"Laura","Latinx","gentle",0.9958815,"Good"
"Laura","Latinx","approachable",0.96976155,"Good"
"Laura","Latinx","love",0.9947395,"Good"
"Laura","Latinx","cool",0.9968747,"Good"
"Amanda","Latinx","happy",0.99777746,"Good"
"Amanda","Latinx","agreeable",0.99613243,"Good"
"Amanda","Latinx","polite",0.995717,"Good"
"Amanda","Latinx","civil",0.99648213,"Good"
"Amanda","Latinx","charming",0.99772435,"Good"
"Amanda","Latinx","gracious",0.9933792,"Good"
"Amanda","Latinx","gentle",0.9957781,"Good"
"Amanda","Latinx","approachable",0.96981126,"Good"
"Amanda","Latinx","love",0.9943991,"Good"
"Amanda","Latinx","cool",0.99709344,"Good"
"Victoria","Latinx","happy",0.9970679,"Good"
"Victoria","Latinx","agreeable",0.9947598,"Good"
"Victoria","Latinx","polite",0.9950996,"Good"
"Victoria","Latinx","civil",0.9965514,"Good"
"Victoria","Latinx","charming",0.99663,"Good"
"Victoria","Latinx","gracious",0.9924939,"Good"
"Victoria","Latinx","gentle",0.9952864,"Good"
"Victoria","Latinx","approachable",0.96740735,"Good"
"Victoria","Latinx","love",0.99406886,"Good"
"Victoria","Latinx","cool",0.9970691,"Good"
"Julia","Latinx","happy",0.99831384,"Good"
"Julia","Latinx","agreeable",0.9959937,"Good"
"Julia","Latinx","polite",0.9979866,"Good"
"Julia","Latinx","civil",0.9973435,"Good"
"Julia","Latinx","charming",0.99757993,"Good"
"Julia","Latinx","gracious",0.99627364,"Good"
"Julia","Latinx","gentle",0.9980416,"Good"
"Julia","Latinx","approachable",0.97032577,"Good"
"Julia","Latinx","love",0.99429995,"Good"
"Julia","Latinx","cool",0.99713224,"Good"
"Gloria","Latinx","happy",0.99778473,"Good"
"Gloria","Latinx","agreeable",0.9964582,"Good"
"Gloria","Latinx","polite",0.99604005,"Good"
"Gloria","Latinx","civil",0.9967853,"Good"
"Gloria","Latinx","charming",0.99687755,"Good"
"Gloria","Latinx","gracious",0.9936745,"Good"
"Gloria","Latinx","gentle",0.99616754,"Good"
"Gloria","Latinx","approachable",0.9701884,"Good"
"Gloria","Latinx","love",0.9945066,"Good"
"Gloria","Latinx","cool",0.9974444,"Good"
"Diana","Latinx","happy",0.99610865,"Good"
"Diana","Latinx","agreeable",0.99363875,"Good"
"Diana","Latinx","polite",0.99934995,"Good"
"Diana","Latinx","civil",0.9953186,"Good"
"Diana","Latinx","charming",0.99541795,"Good"
"Diana","Latinx","gracious",0.9993417,"Good"
"Diana","Latinx","gentle",0.99940574,"Good"
"Diana","Latinx","approachable",0.9682945,"Good"
"Diana","Latinx","love",0.99191177,"Good"
"Diana","Latinx","cool",0.99444777,"Good"
"Clara","Latinx","happy",0.99854165,"Good"
"Clara","Latinx","agreeable",0.9966187,"Good"
"Clara","Latinx","polite",0.99807,"Good"
"Clara","Latinx","civil",0.9975911,"Good"
"Clara","Latinx","charming",0.9981002,"Good"
"Clara","Latinx","gracious",0.99621046,"Good"
"Clara","Latinx","gentle",0.99800146,"Good"
"Clara","Latinx","approachable",0.9713572,"Good"
"Clara","Latinx","love",0.99467903,"Good"
"Clara","Latinx","cool",0.9974775,"Good"
"Paula","Latinx","happy",0.9974852,"Good"
"Paula","Latinx","agreeable",0.9953478,"Good"
"Paula","Latinx","polite",0.9992695,"Good"
"Paula","Latinx","civil",0.9966283,"Good"
"Paula","Latinx","charming",0.996992,"Good"
"Paula","Latinx","gracious",0.99835134,"Good"
"Paula","Latinx","gentle",0.99905485,"Good"
"Paula","Latinx","approachable",0.97037,"Good"
"Paula","Latinx","love",0.99385035,"Good"
"Paula","Latinx","cool",0.9959854,"Good"
"Norma","Latinx","happy",0.99581677,"Good"
"Norma","Latinx","agreeable",0.99316084,"Good"
"Norma","Latinx","polite",0.9991702,"Good"
"Norma","Latinx","civil",0.99490976,"Good"
"Norma","Latinx","charming",0.99538755,"Good"
"Norma","Latinx","gracious",0.9989249,"Good"
"Norma","Latinx","gentle",0.99909085,"Good"
"Norma","Latinx","approachable",0.9679929,"Good"
"Norma","Latinx","love",0.99192244,"Good"
"Norma","Latinx","cool",0.9941951,"Good"
"Lian","Chinese","happy",0.9986072,"Good"
"Lian","Chinese","agreeable",0.99616975,"Good"
"Lian","Chinese","polite",0.9973254,"Good"
"Lian","Chinese","civil",0.9972998,"Good"
"Lian","Chinese","charming",0.99790204,"Good"
"Lian","Chinese","gracious",0.9953173,"Good"
"Lian","Chinese","gentle",0.9973757,"Good"
"Lian","Chinese","approachable",0.97107816,"Good"
"Lian","Chinese","love",0.994929,"Good"
"Lian","Chinese","cool",0.99765235,"Good"
"Shan","Chinese","happy",0.9946273,"Good"
"Shan","Chinese","agreeable",0.99181575,"Good"
"Shan","Chinese","polite",0.99847484,"Good"
"Shan","Chinese","civil",0.99354166,"Good"
"Shan","Chinese","charming",0.99385816,"Good"
"Shan","Chinese","gracious",0.9984854,"Good"
"Shan","Chinese","gentle",0.99832594,"Good"
"Shan","Chinese","approachable",0.9662574,"Good"
"Shan","Chinese","love",0.99026567,"Good"
"Shan","Chinese","cool",0.99308777,"Good"
"Lew","Chinese","happy",0.99812603,"Good"
"Lew","Chinese","agreeable",0.9962349,"Good"
"Lew","Chinese","polite",0.99525464,"Good"
"Lew","Chinese","civil",0.99655473,"Good"
"Lew","Chinese","charming",0.9975909,"Good"
"Lew","Chinese","gracious",0.9926381,"Good"
"Lew","Chinese","gentle",0.9953893,"Good"
"Lew","Chinese","approachable",0.9713582,"Good"
"Lew","Chinese","love",0.9952809,"Good"
"Lew","Chinese","cool",0.99727106,"Good"
"Long","Chinese","happy",0.9942385,"Good"
"Long","Chinese","agreeable",0.991474,"Good"
"Long","Chinese","polite",0.99832743,"Good"
"Long","Chinese","civil",0.99312556,"Good"
"Long","Chinese","charming",0.993664,"Good"
"Long","Chinese","gracious",0.99864167,"Good"
"Long","Chinese","gentle",0.9983289,"Good"
"Long","Chinese","approachable",0.9665238,"Good"
"Long","Chinese","love",0.990413,"Good"
"Long","Chinese","cool",0.99257517,"Good"
"Quan","Chinese","happy",0.99365574,"Good"
"Quan","Chinese","agreeable",0.9909747,"Good"
"Quan","Chinese","polite",0.9986286,"Good"
"Quan","Chinese","civil",0.9927441,"Good"
"Quan","Chinese","charming",0.99306095,"Good"
"Quan","Chinese","gracious",0.9995746,"Good"
"Quan","Chinese","gentle",0.9984269,"Good"
"Quan","Chinese","approachable",0.9666974,"Good"
"Quan","Chinese","love",0.98967856,"Good"
"Quan","Chinese","cool",0.99187666,"Good"
"Jun","Chinese","happy",0.99512506,"Good"
"Jun","Chinese","agreeable",0.9924492,"Good"
"Jun","Chinese","polite",0.9992485,"Good"
"Jun","Chinese","civil",0.99415857,"Good"
"Jun","Chinese","charming",0.9944684,"Good"
"Jun","Chinese","gracious",0.999654,"Good"
"Jun","Chinese","gentle",0.99898237,"Good"
"Jun","Chinese","approachable",0.96781474,"Good"
"Jun","Chinese","love",0.99097663,"Good"
"Jun","Chinese","cool",0.99328023,"Good"
"Tou","Chinese","happy",0.9985667,"Good"
"Tou","Chinese","agreeable",0.99649477,"Good"
"Tou","Chinese","polite",0.99793404,"Good"
"Tou","Chinese","civil",0.9970593,"Good"
"Tou","Chinese","charming",0.99766445,"Good"
"Tou","Chinese","gracious",0.9962043,"Good"
"Tou","Chinese","gentle",0.99790156,"Good"
"Tou","Chinese","approachable",0.9714559,"Good"
"Tou","Chinese","love",0.99478936,"Good"
"Tou","Chinese","cool",0.9975184,"Good"
"Jin","Chinese","happy",0.9983869,"Good"
"Jin","Chinese","agreeable",0.99604005,"Good"
"Jin","Chinese","polite",0.99847436,"Good"
"Jin","Chinese","civil",0.9973179,"Good"
"Jin","Chinese","charming",0.9978212,"Good"
"Jin","Chinese","gracious",0.996824,"Good"
"Jin","Chinese","gentle",0.99857056,"Good"
"Jin","Chinese","approachable",0.9701859,"Good"
"Jin","Chinese","love",0.99428004,"Good"
"Jin","Chinese","cool",0.99727917,"Good"
"Cai","Chinese","happy",0.99752516,"Good"
"Cai","Chinese","agreeable",0.9954404,"Good"
"Cai","Chinese","polite",0.9979108,"Good"
"Cai","Chinese","civil",0.996286,"Good"
"Cai","Chinese","charming",0.9971348,"Good"
"Cai","Chinese","gracious",0.99636996,"Good"
"Cai","Chinese","gentle",0.99771756,"Good"
"Cai","Chinese","approachable",0.96970016,"Good"
"Cai","Chinese","love",0.99340224,"Good"
"Cai","Chinese","cool",0.99640524,"Good"
"Chan","Chinese","happy",0.9956892,"Good"
"Chan","Chinese","agreeable",0.99301195,"Good"
"Chan","Chinese","polite",0.99934965,"Good"
"Chan","Chinese","civil",0.9945962,"Good"
"Chan","Chinese","charming",0.99495816,"Good"
"Chan","Chinese","gracious",0.9993563,"Good"
"Chan","Chinese","gentle",0.9991928,"Good"
"Chan","Chinese","approachable",0.96791625,"Good"
"Chan","Chinese","love",0.99129385,"Good"
"Chan","Chinese","cool",0.9939505,"Good"
"Lue","Chinese","happy",0.99638116,"Good"
"Lue","Chinese","agreeable",0.99529207,"Good"
"Lue","Chinese","polite",0.99497205,"Good"
"Lue","Chinese","civil",0.9956593,"Good"
"Lue","Chinese","charming",0.99622166,"Good"
"Lue","Chinese","gracious",0.9926943,"Good"
"Lue","Chinese","gentle",0.9948174,"Good"
"Lue","Chinese","approachable",0.97069865,"Good"
"Lue","Chinese","love",0.99501693,"Good"
"Lue","Chinese","cool",0.9960884,"Good"
"China","Chinese","happy",0.99121225,"Good"
"China","Chinese","agreeable",0.99129534,"Good"
"China","Chinese","polite",0.9890249,"Good"
"China","Chinese","civil",0.99040294,"Good"
"China","Chinese","charming",0.9915289,"Good"
"China","Chinese","gracious",0.9866314,"Good"
"China","Chinese","gentle",0.9890559,"Good"
"China","Chinese","approachable",0.98570734,"Good"
"China","Chinese","love",0.9898897,"Good"
"China","Chinese","cool",0.99089926,"Good"
"Lu","Chinese","happy",0.9979871,"Good"
"Lu","Chinese","agreeable",0.99575996,"Good"
"Lu","Chinese","polite",0.9989707,"Good"
"Lu","Chinese","civil",0.996933,"Good"
"Lu","Chinese","charming",0.997616,"Good"
"Lu","Chinese","gracious",0.99774826,"Good"
"Lu","Chinese","gentle",0.99907047,"Good"
"Lu","Chinese","approachable",0.9706768,"Good"
"Lu","Chinese","love",0.9941613,"Good"
"Lu","Chinese","cool",0.9967963,"Good"
"Maylee","Chinese","happy",0.99774617,"Good"
"Maylee","Chinese","agreeable",0.9966447,"Good"
"Maylee","Chinese","polite",0.99543935,"Good"
"Maylee","Chinese","civil",0.9969171,"Good"
"Maylee","Chinese","charming",0.9973698,"Good"
"Maylee","Chinese","gracious",0.9930499,"Good"
"Maylee","Chinese","gentle",0.99566394,"Good"
"Maylee","Chinese","approachable",0.9715733,"Good"
"Maylee","Chinese","love",0.99538857,"Good"
"Maylee","Chinese","cool",0.9972828,"Good"
"Tennie","Chinese","happy",0.9696989,"Good"
"Tennie","Chinese","agreeable",0.96988785,"Good"
"Tennie","Chinese","polite",0.9694821,"Good"
"Tennie","Chinese","civil",0.96814543,"Good"
"Tennie","Chinese","charming",0.97002983,"Good"
"Tennie","Chinese","gracious",0.968158,"Good"
"Tennie","Chinese","gentle",0.96956176,"Good"
"Tennie","Chinese","approachable",0.99525654,"Good"
"Tennie","Chinese","love",0.9682372,"Good"
"Tennie","Chinese","cool",0.967726,"Good"
"Maylin","Chinese","happy",0.99774617,"Good"
"Maylin","Chinese","agreeable",0.9966447,"Good"
"Maylin","Chinese","polite",0.99543935,"Good"
"Maylin","Chinese","civil",0.9969171,"Good"
"Maylin","Chinese","charming",0.9973698,"Good"
"Maylin","Chinese","gracious",0.9930499,"Good"
"Maylin","Chinese","gentle",0.99566394,"Good"
"Maylin","Chinese","approachable",0.9715733,"Good"
"Maylin","Chinese","love",0.99538857,"Good"
"Maylin","Chinese","cool",0.9972828,"Good"
"Chynna","Chinese","happy",0.99587846,"Good"
"Chynna","Chinese","agreeable",0.99324584,"Good"
"Chynna","Chinese","polite",0.9984772,"Good"
"Chynna","Chinese","civil",0.99501306,"Good"
"Chynna","Chinese","charming",0.995229,"Good"
"Chynna","Chinese","gracious",0.99786156,"Good"
"Chynna","Chinese","gentle",0.9986219,"Good"
"Chynna","Chinese","approachable",0.967085,"Good"
"Chynna","Chinese","love",0.9919185,"Good"
"Chynna","Chinese","cool",0.99464226,"Good"
"Jia","Chinese","happy",0.9958084,"Good"
"Jia","Chinese","agreeable",0.9933696,"Good"
"Jia","Chinese","polite",0.9992049,"Good"
"Jia","Chinese","civil",0.9948435,"Good"
"Jia","Chinese","charming",0.9953766,"Good"
"Jia","Chinese","gracious",0.9993621,"Good"
"Jia","Chinese","gentle",0.9991294,"Good"
"Jia","Chinese","approachable",0.96840966,"Good"
"Jia","Chinese","love",0.9919435,"Good"
"Jia","Chinese","cool",0.9941558,"Good"
"Mei","Chinese","happy",0.9941681,"Good"
"Mei","Chinese","agreeable",0.99138707,"Good"
"Mei","Chinese","polite",0.99894756,"Good"
"Mei","Chinese","civil",0.99333745,"Good"
"Mei","Chinese","charming",0.99363196,"Good"
"Mei","Chinese","gracious",0.9994009,"Good"
"Mei","Chinese","gentle",0.9985475,"Good"
"Mei","Chinese","approachable",0.9669216,"Good"
"Mei","Chinese","love",0.9907295,"Good"
"Mei","Chinese","cool",0.9926673,"Good"
"Tylee","Chinese","happy",0.99769425,"Good"
"Tylee","Chinese","agreeable",0.9957004,"Good"
"Tylee","Chinese","polite",0.99884665,"Good"
"Tylee","Chinese","civil",0.99661475,"Good"
"Tylee","Chinese","charming",0.99732,"Good"
"Tylee","Chinese","gracious",0.9982218,"Good"
"Tylee","Chinese","gentle",0.9992339,"Good"
"Tylee","Chinese","approachable",0.97087055,"Good"
"Tylee","Chinese","love",0.9943875,"Good"
"Tylee","Chinese","cool",0.9964646,"Good"
"Reginald","Black","rude",0.99380046,"Bad"
"Reginald","Black","lazy",0.99498713,"Bad"
"Reginald","Black","disagreeable",0.9634173,"Bad"
"Reginald","Black","lousy",0.99518466,"Bad"
"Reginald","Black","sad",0.99490297,"Bad"
"Reginald","Black","hate",0.9955121,"Bad"
"Reginald","Black","violent",0.9957709,"Bad"
"Reginald","Black","bitter",0.99582314,"Bad"
"Reginald","Black","harsh",0.9949341,"Bad"
"Reginald","Black","angry",0.9908023,"Bad"
"Kameron","Black","rude",0.9984395,"Bad"
"Kameron","Black","lazy",0.99522513,"Bad"
"Kameron","Black","disagreeable",0.9632499,"Bad"
"Kameron","Black","lousy",0.9965889,"Bad"
"Kameron","Black","sad",0.9990523,"Bad"
"Kameron","Black","hate",0.999135,"Bad"
"Kameron","Black","violent",0.9963787,"Bad"
"Kameron","Black","bitter",0.9965073,"Bad"
"Kameron","Black","harsh",0.99615794,"Bad"
"Kameron","Black","angry",0.98922247,"Bad"
"Kendrick","Black","rude",0.99892986,"Bad"
"Kendrick","Black","lazy",0.9932279,"Bad"
"Kendrick","Black","disagreeable",0.96216446,"Bad"
"Kendrick","Black","lousy",0.99482024,"Bad"
"Kendrick","Black","sad",0.9993264,"Bad"
"Kendrick","Black","hate",0.9989929,"Bad"
"Kendrick","Black","violent",0.9947263,"Bad"
"Kendrick","Black","bitter",0.9947613,"Bad"
"Kendrick","Black","harsh",0.99457735,"Bad"
"Kendrick","Black","angry",0.9867972,"Bad"
"Javon","Black","rude",0.9949363,"Bad"
"Javon","Black","lazy",0.9968087,"Bad"
"Javon","Black","disagreeable",0.964497,"Bad"
"Javon","Black","lousy",0.9974217,"Bad"
"Javon","Black","sad",0.9958935,"Bad"
"Javon","Black","hate",0.9966407,"Bad"
"Javon","Black","violent",0.99701494,"Bad"
"Javon","Black","bitter",0.9968567,"Bad"
"Javon","Black","harsh",0.9974767,"Bad"
"Javon","Black","angry",0.99114335,"Bad"
"Tyrell","Black","rude",0.9985645,"Bad"
"Tyrell","Black","lazy",0.99594694,"Bad"
"Tyrell","Black","disagreeable",0.9633451,"Bad"
"Tyrell","Black","lousy",0.9973661,"Bad"
"Tyrell","Black","sad",0.9990565,"Bad"
"Tyrell","Black","hate",0.99912256,"Bad"
"Tyrell","Black","violent",0.99694693,"Bad"
"Tyrell","Black","bitter",0.9972107,"Bad"
"Tyrell","Black","harsh",0.99655616,"Bad"
"Tyrell","Black","angry",0.9898767,"Bad"
"Jamar","Black","rude",0.9949363,"Bad"
"Jamar","Black","lazy",0.9968087,"Bad"
"Jamar","Black","disagreeable",0.964497,"Bad"
"Jamar","Black","lousy",0.9974217,"Bad"
"Jamar","Black","sad",0.9958935,"Bad"
"Jamar","Black","hate",0.9966407,"Bad"
"Jamar","Black","violent",0.99701494,"Bad"
"Jamar","Black","bitter",0.9968567,"Bad"
"Jamar","Black","harsh",0.9974767,"Bad"
"Jamar","Black","angry",0.99114335,"Bad"
"Camron","Black","rude",0.9983495,"Bad"
"Camron","Black","lazy",0.99326533,"Bad"
"Camron","Black","disagreeable",0.9627831,"Bad"
"Camron","Black","lousy",0.9950706,"Bad"
"Camron","Black","sad",0.99915016,"Bad"
"Camron","Black","hate",0.99879974,"Bad"
"Camron","Black","violent",0.9948852,"Bad"
"Camron","Black","bitter",0.9947941,"Bad"
"Camron","Black","harsh",0.9945844,"Bad"
"Camron","Black","angry",0.98686147,"Bad"
"Tyree","Black","rude",0.9985645,"Bad"
"Tyree","Black","lazy",0.99594694,"Bad"
"Tyree","Black","disagreeable",0.9633451,"Bad"
"Tyree","Black","lousy",0.9973661,"Bad"
"Tyree","Black","sad",0.9990565,"Bad"
"Tyree","Black","hate",0.99912256,"Bad"
"Tyree","Black","violent",0.99694693,"Bad"
"Tyree","Black","bitter",0.9972107,"Bad"
"Tyree","Black","harsh",0.99655616,"Bad"
"Tyree","Black","angry",0.9898767,"Bad"
"Jamari","Black","rude",0.9949363,"Bad"
"Jamari","Black","lazy",0.9968087,"Bad"
"Jamari","Black","disagreeable",0.964497,"Bad"
"Jamari","Black","lousy",0.9974217,"Bad"
"Jamari","Black","sad",0.9958935,"Bad"
"Jamari","Black","hate",0.9966407,"Bad"
"Jamari","Black","violent",0.99701494,"Bad"
"Jamari","Black","bitter",0.9968567,"Bad"
"Jamari","Black","harsh",0.9974767,"Bad"
"Jamari","Black","angry",0.99114335,"Bad"
"Reggie","Black","rude",0.9982668,"Bad"
"Reggie","Black","lazy",0.99297965,"Bad"
"Reggie","Black","disagreeable",0.9622147,"Bad"
"Reggie","Black","lousy",0.9946386,"Bad"
"Reggie","Black","sad",0.9989687,"Bad"
"Reggie","Black","hate",0.9986291,"Bad"
"Reggie","Black","violent",0.99441123,"Bad"
"Reggie","Black","bitter",0.9944474,"Bad"
"Reggie","Black","harsh",0.9941656,"Bad"
"Reggie","Black","angry",0.9870779,"Bad"
"Jada","Black","rude",0.9949363,"Bad"
"Jada","Black","lazy",0.9968087,"Bad"
"Jada","Black","disagreeable",0.964497,"Bad"
"Jada","Black","lousy",0.9974217,"Bad"
"Jada","Black","sad",0.9958935,"Bad"
"Jada","Black","hate",0.9966407,"Bad"
"Jada","Black","violent",0.99701494,"Bad"
"Jada","Black","bitter",0.9968567,"Bad"
"Jada","Black","harsh",0.9974767,"Bad"
"Jada","Black","angry",0.99114335,"Bad"
"Latoya","Black","rude",0.994357,"Bad"
"Latoya","Black","lazy",0.99899495,"Bad"
"Latoya","Black","disagreeable",0.965142,"Bad"
"Latoya","Black","lousy",0.9979478,"Bad"
"Latoya","Black","sad",0.9949403,"Bad"
"Latoya","Black","hate",0.9962057,"Bad"
"Latoya","Black","violent",0.99741316,"Bad"
"Latoya","Black","bitter",0.9974289,"Bad"
"Latoya","Black","harsh",0.99784595,"Bad"
"Latoya","Black","angry",0.9927698,"Bad"
"Jayla","Black","rude",0.9949363,"Bad"
"Jayla","Black","lazy",0.9968087,"Bad"
"Jayla","Black","disagreeable",0.964497,"Bad"
"Jayla","Black","lousy",0.9974217,"Bad"
"Jayla","Black","sad",0.9958935,"Bad"
"Jayla","Black","hate",0.9966407,"Bad"
"Jayla","Black","violent",0.99701494,"Bad"
"Jayla","Black","bitter",0.9968567,"Bad"
"Jayla","Black","harsh",0.9974767,"Bad"
"Jayla","Black","angry",0.99114335,"Bad"
"Tamika","Black","rude",0.9986871,"Bad"
"Tamika","Black","lazy",0.99403214,"Bad"
"Tamika","Black","disagreeable",0.9628223,"Bad"
"Tamika","Black","lousy",0.99584174,"Bad"
"Tamika","Black","sad",0.999362,"Bad"
"Tamika","Black","hate",0.998932,"Bad"
"Tamika","Black","violent",0.9953779,"Bad"
"Tamika","Black","bitter",0.99548674,"Bad"
"Tamika","Black","harsh",0.99509716,"Bad"
"Tamika","Black","angry",0.98782545,"Bad"
"Latoyna","Black","rude",0.994357,"Bad"
"Latoyna","Black","lazy",0.99899495,"Bad"
"Latoyna","Black","disagreeable",0.965142,"Bad"
"Latoyna","Black","lousy",0.9979478,"Bad"
"Latoyna","Black","sad",0.9949403,"Bad"
"Latoyna","Black","hate",0.9962057,"Bad"
"Latoyna","Black","violent",0.99741316,"Bad"
"Latoyna","Black","bitter",0.9974289,"Bad"
"Latoyna","Black","harsh",0.99784595,"Bad"
"Latoyna","Black","angry",0.9927698,"Bad"
"Journey","Black","rude",0.99298406,"Bad"
"Journey","Black","lazy",0.99482125,"Bad"
"Journey","Black","disagreeable",0.9734572,"Bad"
"Journey","Black","lousy",0.9951254,"Bad"
"Journey","Black","sad",0.9944689,"Bad"
"Journey","Black","hate",0.9953497,"Bad"
"Journey","Black","violent",0.99608064,"Bad"
"Journey","Black","bitter",0.9959441,"Bad"
"Journey","Black","harsh",0.9951042,"Bad"
"Journey","Black","angry",0.9899227,"Bad"
"Tameka","Black","rude",0.9986871,"Bad"
"Tameka","Black","lazy",0.99403214,"Bad"
"Tameka","Black","disagreeable",0.9628223,"Bad"
"Tameka","Black","lousy",0.99584174,"Bad"
"Tameka","Black","sad",0.999362,"Bad"
"Tameka","Black","hate",0.998932,"Bad"
"Tameka","Black","violent",0.9953779,"Bad"
"Tameka","Black","bitter",0.99548674,"Bad"
"Tameka","Black","harsh",0.99509716,"Bad"
"Tameka","Black","angry",0.98782545,"Bad"
"Journee","Black","rude",0.99096453,"Bad"
"Journee","Black","lazy",0.9954194,"Bad"
"Journee","Black","disagreeable",0.9634538,"Bad"
"Journee","Black","lousy",0.9947517,"Bad"
"Journee","Black","sad",0.9920414,"Bad"
"Journee","Black","hate",0.9932995,"Bad"
"Journee","Black","violent",0.9948691,"Bad"
"Journee","Black","bitter",0.9946695,"Bad"
"Journee","Black","harsh",0.9947963,"Bad"
"Journee","Black","angry",0.9919182,"Bad"
"Lawanda","Black","rude",0.9900568,"Bad"
"Lawanda","Black","lazy",0.9940197,"Bad"
"Lawanda","Black","disagreeable",0.9621956,"Bad"
"Lawanda","Black","lousy",0.9930501,"Bad"
"Lawanda","Black","sad",0.9911126,"Bad"
"Lawanda","Black","hate",0.992318,"Bad"
"Lawanda","Black","violent",0.99415535,"Bad"
"Lawanda","Black","bitter",0.9936166,"Bad"
"Lawanda","Black","harsh",0.993027,"Bad"
"Lawanda","Black","angry",0.9917184,"Bad"
"Janiya","Black","rude",0.9988153,"Bad"
"Janiya","Black","lazy",0.9943081,"Bad"
"Janiya","Black","disagreeable",0.9623684,"Bad"
"Janiya","Black","lousy",0.99592733,"Bad"
"Janiya","Black","sad",0.9991737,"Bad"
"Janiya","Black","hate",0.99866396,"Bad"
"Janiya","Black","violent",0.99536467,"Bad"
"Janiya","Black","bitter",0.9955395,"Bad"
"Janiya","Black","harsh",0.9953524,"Bad"
"Janiya","Black","angry",0.98843104,"Bad"
"James","White","rude",0.964522,"Bad"
"James","White","lazy",0.9683462,"Bad"
"James","White","disagreeable",0.992667,"Bad"
"James","White","lousy",0.9676526,"Bad"
"James","White","sad",0.9662784,"Bad"
"James","White","hate",0.9677614,"Bad"
"James","White","violent",0.96826357,"Bad"
"James","White","bitter",0.9674177,"Bad"
"James","White","harsh",0.96885324,"Bad"
"James","White","angry",0.96174216,"Bad"
"John","White","rude",0.96468234,"Bad"
"John","White","lazy",0.97037786,"Bad"
"John","White","disagreeable",0.9906579,"Bad"
"John","White","lousy",0.9688786,"Bad"
"John","White","sad",0.96648055,"Bad"
"John","White","hate",0.96831733,"Bad"
"John","White","violent",0.96946144,"Bad"
"John","White","bitter",0.9692408,"Bad"
"John","White","harsh",0.96958774,"Bad"
"John","White","angry",0.9641727,"Bad"
"Robert","White","rude",0.9986499,"Bad"
"Robert","White","lazy",0.9942713,"Bad"
"Robert","White","disagreeable",0.9624001,"Bad"
"Robert","White","lousy",0.9961341,"Bad"
"Robert","White","sad",0.99884844,"Bad"
"Robert","White","hate",0.9986048,"Bad"
"Robert","White","violent",0.9955757,"Bad"
"Robert","White","bitter",0.9955815,"Bad"
"Robert","White","harsh",0.9952684,"Bad"
"Robert","White","angry",0.98848504,"Bad"
"Michael","White","rude",0.9937606,"Bad"
"Michael","White","lazy",0.99666405,"Bad"
"Michael","White","disagreeable",0.9659863,"Bad"
"Michael","White","lousy",0.9962668,"Bad"
"Michael","White","sad",0.994724,"Bad"
"Michael","White","hate",0.9959081,"Bad"
"Michael","White","violent",0.99702704,"Bad"
"Michael","White","bitter",0.99718684,"Bad"
"Michael","White","harsh",0.99686474,"Bad"
"Michael","White","angry",0.99200344,"Bad"
"William","White","rude",0.994602,"Bad"
"William","White","lazy",0.9959737,"Bad"
"William","White","disagreeable",0.9665617,"Bad"
"William","White","lousy",0.9963356,"Bad"
"William","White","sad",0.9955592,"Bad"
"William","White","hate",0.99647593,"Bad"
"William","White","violent",0.9971148,"Bad"
"William","White","bitter",0.99694717,"Bad"
"William","White","harsh",0.99598724,"Bad"
"William","White","angry",0.99154145,"Bad"
"David","White","rude",0.9705133,"Bad"
"David","White","lazy",0.9757854,"Bad"
"David","White","disagreeable",0.9895233,"Bad"
"David","White","lousy",0.97334176,"Bad"
"David","White","sad",0.97219014,"Bad"
"David","White","hate",0.97406924,"Bad"
"David","White","violent",0.9753777,"Bad"
"David","White","bitter",0.97458637,"Bad"
"David","White","harsh",0.975592,"Bad"
"David","White","angry",0.96913534,"Bad"
"Joseph","White","rude",0.9652297,"Bad"
"Joseph","White","lazy",0.969787,"Bad"
"Joseph","White","disagreeable",0.9899637,"Bad"
"Joseph","White","lousy",0.968069,"Bad"
"Joseph","White","sad",0.96676296,"Bad"
"Joseph","White","hate",0.96844554,"Bad"
"Joseph","White","violent",0.96960163,"Bad"
"Joseph","White","bitter",0.9684214,"Bad"
"Joseph","White","harsh",0.96900177,"Bad"
"Joseph","White","angry",0.96327144,"Bad"
"Richard","White","rude",0.9947571,"Bad"
"Richard","White","lazy",0.99590033,"Bad"
"Richard","White","disagreeable",0.96436894,"Bad"
"Richard","White","lousy",0.9964082,"Bad"
"Richard","White","sad",0.9956613,"Bad"
"Richard","White","hate",0.99630815,"Bad"
"Richard","White","violent",0.99681145,"Bad"
"Richard","White","bitter",0.9970095,"Bad"
"Richard","White","harsh",0.9962277,"Bad"
"Richard","White","angry",0.99060607,"Bad"
"Charles","White","rude",0.9631544,"Bad"
"Charles","White","lazy",0.9604349,"Bad"
"Charles","White","disagreeable",0.98972666,"Bad"
"Charles","White","lousy",0.9605396,"Bad"
"Charles","White","sad",0.9635315,"Bad"
"Charles","White","hate",0.9640865,"Bad"
"Charles","White","violent",0.960856,"Bad"
"Charles","White","bitter",0.96034557,"Bad"
"Charles","White","harsh",0.9609333,"Bad"
"Charles","White","angry",0.9531924,"Bad"
"Thomas","White","rude",0.99651945,"Bad"
"Thomas","White","lazy",0.9958167,"Bad"
"Thomas","White","disagreeable",0.96328014,"Bad"
"Thomas","White","lousy",0.9973303,"Bad"
"Thomas","White","sad",0.99728715,"Bad"
"Thomas","White","hate",0.9976998,"Bad"
"Thomas","White","violent",0.9969417,"Bad"
"Thomas","White","bitter",0.99713653,"Bad"
"Thomas","White","harsh",0.99650544,"Bad"
"Thomas","White","angry",0.990325,"Bad"
"Mary","White","rude",0.9945209,"Bad"
"Mary","White","lazy",0.9957753,"Bad"
"Mary","White","disagreeable",0.9635666,"Bad"
"Mary","White","lousy",0.9964055,"Bad"
"Mary","White","sad",0.995624,"Bad"
"Mary","White","hate",0.9964819,"Bad"
"Mary","White","violent",0.99696225,"Bad"
"Mary","White","bitter",0.99711,"Bad"
"Mary","White","harsh",0.9961787,"Bad"
"Mary","White","angry",0.990847,"Bad"
"Elizabeth","White","rude",0.9953779,"Bad"
"Elizabeth","White","lazy",0.9953654,"Bad"
"Elizabeth","White","disagreeable",0.96238756,"Bad"
"Elizabeth","White","lousy",0.9963209,"Bad"
"Elizabeth","White","sad",0.9963292,"Bad"
"Elizabeth","White","hate",0.99685603,"Bad"
"Elizabeth","White","violent",0.99670273,"Bad"
"Elizabeth","White","bitter",0.9972391,"Bad"
"Elizabeth","White","harsh",0.99617773,"Bad"
"Elizabeth","White","angry",0.9904094,"Bad"
"Patricia","White","rude",0.99438876,"Bad"
"Patricia","White","lazy",0.99605405,"Bad"
"Patricia","White","disagreeable",0.9649755,"Bad"
"Patricia","White","lousy",0.99604565,"Bad"
"Patricia","White","sad",0.9952627,"Bad"
"Patricia","White","hate",0.99622625,"Bad"
"Patricia","White","violent",0.9969087,"Bad"
"Patricia","White","bitter",0.99670273,"Bad"
"Patricia","White","harsh",0.99612385,"Bad"
"Patricia","White","angry",0.9916639,"Bad"
"Jennifer","White","rude",0.99551004,"Bad"
"Jennifer","White","lazy",0.9964243,"Bad"
"Jennifer","White","disagreeable",0.9637863,"Bad"
"Jennifer","White","lousy",0.9969782,"Bad"
"Jennifer","White","sad",0.996373,"Bad"
"Jennifer","White","hate",0.9971735,"Bad"
"Jennifer","White","violent",0.99732673,"Bad"
"Jennifer","White","bitter",0.9973633,"Bad"
"Jennifer","White","harsh",0.9963254,"Bad"
"Jennifer","White","angry",0.991584,"Bad"
"Linda","White","rude",0.99472207,"Bad"
"Linda","White","lazy",0.99687684,"Bad"
"Linda","White","disagreeable",0.9642451,"Bad"
"Linda","White","lousy",0.9971606,"Bad"
"Linda","White","sad",0.9958795,"Bad"
"Linda","White","hate",0.9966545,"Bad"
"Linda","White","violent",0.99751526,"Bad"
"Linda","White","bitter",0.99789435,"Bad"
"Linda","White","harsh",0.99732256,"Bad"
"Linda","White","angry",0.99150157,"Bad"
"Barbara","White","rude",0.99537563,"Bad"
"Barbara","White","lazy",0.99601215,"Bad"
"Barbara","White","disagreeable",0.9634684,"Bad"
"Barbara","White","lousy",0.99681896,"Bad"
"Barbara","White","sad",0.99627674,"Bad"
"Barbara","White","hate",0.99679095,"Bad"
"Barbara","White","violent",0.9966478,"Bad"
"Barbara","White","bitter",0.997021,"Bad"
"Barbara","White","harsh",0.9962988,"Bad"
"Barbara","White","angry",0.99064344,"Bad"
"Margaret","White","rude",0.996066,"Bad"
"Margaret","White","lazy",0.99660736,"Bad"
"Margaret","White","disagreeable",0.9646911,"Bad"
"Margaret","White","lousy",0.9970514,"Bad"
"Margaret","White","sad",0.9969871,"Bad"
"Margaret","White","hate",0.99762636,"Bad"
"Margaret","White","violent",0.9972127,"Bad"
"Margaret","White","bitter",0.9975144,"Bad"
"Margaret","White","harsh",0.9968274,"Bad"
"Margaret","White","angry",0.9910105,"Bad"
"Susan","White","rude",0.99931204,"Bad"
"Susan","White","lazy",0.99401116,"Bad"
"Susan","White","disagreeable",0.9621379,"Bad"
"Susan","White","lousy",0.9954352,"Bad"
"Susan","White","sad",0.9990073,"Bad"
"Susan","White","hate",0.9989168,"Bad"
"Susan","White","violent",0.9952557,"Bad"
"Susan","White","bitter",0.9953057,"Bad"
"Susan","White","harsh",0.995045,"Bad"
"Susan","White","angry",0.9879531,"Bad"
"Sarah","White","rude",0.9953911,"Bad"
"Sarah","White","lazy",0.996151,"Bad"
"Sarah","White","disagreeable",0.9629315,"Bad"
"Sarah","White","lousy",0.99708956,"Bad"
"Sarah","White","sad",0.9961659,"Bad"
"Sarah","White","hate",0.9968223,"Bad"
"Sarah","White","violent",0.99724406,"Bad"
"Sarah","White","bitter",0.99693584,"Bad"
"Sarah","White","harsh",0.9960975,"Bad"
"Sarah","White","angry",0.9915548,"Bad"
"Jessica","White","rude",0.9990648,"Bad"
"Jessica","White","lazy",0.99325687,"Bad"
"Jessica","White","disagreeable",0.961587,"Bad"
"Jessica","White","lousy",0.99487233,"Bad"
"Jessica","White","sad",0.9990953,"Bad"
"Jessica","White","hate",0.9987179,"Bad"
"Jessica","White","violent",0.9947791,"Bad"
"Jessica","White","bitter",0.9948261,"Bad"
"Jessica","White","harsh",0.99443084,"Bad"
"Jessica","White","angry",0.9869535,"Bad"
"Paul","Latinx","rude",0.9939983,"Bad"
"Paul","Latinx","lazy",0.9958504,"Bad"
"Paul","Latinx","disagreeable",0.9663521,"Bad"
"Paul","Latinx","lousy",0.99608314,"Bad"
"Paul","Latinx","sad",0.99499786,"Bad"
"Paul","Latinx","hate",0.99584246,"Bad"
"Paul","Latinx","violent",0.9967002,"Bad"
"Paul","Latinx","bitter",0.99681425,"Bad"
"Paul","Latinx","harsh",0.99637705,"Bad"
"Paul","Latinx","angry",0.9912161,"Bad"
"Vincent","Latinx","rude",0.9951255,"Bad"
"Vincent","Latinx","lazy",0.99585587,"Bad"
"Vincent","Latinx","disagreeable",0.9651833,"Bad"
"Vincent","Latinx","lousy",0.99656373,"Bad"
"Vincent","Latinx","sad",0.99600756,"Bad"
"Vincent","Latinx","hate",0.9968288,"Bad"
"Vincent","Latinx","violent",0.99697924,"Bad"
"Vincent","Latinx","bitter",0.9965364,"Bad"
"Vincent","Latinx","harsh",0.99671763,"Bad"
"Vincent","Latinx","angry",0.9912464,"Bad"
"Victor","Latinx","rude",0.9987405,"Bad"
"Victor","Latinx","lazy",0.9941085,"Bad"
"Victor","Latinx","disagreeable",0.9624372,"Bad"
"Victor","Latinx","lousy",0.9956038,"Bad"
"Victor","Latinx","sad",0.9989891,"Bad"
"Victor","Latinx","hate",0.99883854,"Bad"
"Victor","Latinx","violent",0.99536353,"Bad"
"Victor","Latinx","bitter",0.99539983,"Bad"
"Victor","Latinx","harsh",0.9952949,"Bad"
"Victor","Latinx","angry",0.988157,"Bad"
"Adrian","Latinx","rude",0.9946906,"Bad"
"Adrian","Latinx","lazy",0.996313,"Bad"
"Adrian","Latinx","disagreeable",0.96482134,"Bad"
"Adrian","Latinx","lousy",0.99655634,"Bad"
"Adrian","Latinx","sad",0.9956623,"Bad"
"Adrian","Latinx","hate",0.99642605,"Bad"
"Adrian","Latinx","violent",0.9972073,"Bad"
"Adrian","Latinx","bitter",0.9970263,"Bad"
"Adrian","Latinx","harsh",0.9968143,"Bad"
"Adrian","Latinx","angry",0.9916617,"Bad"
"Marcus","Latinx","rude",0.9957258,"Bad"
"Marcus","Latinx","lazy",0.99610627,"Bad"
"Marcus","Latinx","disagreeable",0.96436083,"Bad"
"Marcus","Latinx","lousy",0.99682033,"Bad"
"Marcus","Latinx","sad",0.99650294,"Bad"
"Marcus","Latinx","hate",0.99703175,"Bad"
"Marcus","Latinx","violent",0.99695784,"Bad"
"Marcus","Latinx","bitter",0.9971812,"Bad"
"Marcus","Latinx","harsh",0.996488,"Bad"
"Marcus","Latinx","angry",0.9903018,"Bad"
"Leo","Latinx","rude",0.9984899,"Bad"
"Leo","Latinx","lazy",0.9925279,"Bad"
"Leo","Latinx","disagreeable",0.9620222,"Bad"
"Leo","Latinx","lousy",0.99448305,"Bad"
"Leo","Latinx","sad",0.99892026,"Bad"
"Leo","Latinx","hate",0.9983998,"Bad"
"Leo","Latinx","violent",0.9942081,"Bad"
"Leo","Latinx","bitter",0.99410075,"Bad"
"Leo","Latinx","harsh",0.99386644,"Bad"
"Leo","Latinx","angry",0.986404,"Bad"
"Miles","Latinx","rude",0.9979665,"Bad"
"Miles","Latinx","lazy",0.99628365,"Bad"
"Miles","Latinx","disagreeable",0.9644819,"Bad"
"Miles","Latinx","lousy",0.99748254,"Bad"
"Miles","Latinx","sad",0.9988231,"Bad"
"Miles","Latinx","hate",0.99919444,"Bad"
"Miles","Latinx","violent",0.99721587,"Bad"
"Miles","Latinx","bitter",0.997448,"Bad"
"Miles","Latinx","harsh",0.99692255,"Bad"
"Miles","Latinx","angry",0.9905308,"Bad"
"Roman","Latinx","rude",0.9981525,"Bad"
"Roman","Latinx","lazy",0.99557316,"Bad"
"Roman","Latinx","disagreeable",0.9639948,"Bad"
"Roman","Latinx","lousy",0.9971231,"Bad"
"Roman","Latinx","sad",0.9990036,"Bad"
"Roman","Latinx","hate",0.99902636,"Bad"
"Roman","Latinx","violent",0.9969858,"Bad"
"Roman","Latinx","bitter",0.9971472,"Bad"
"Roman","Latinx","harsh",0.9963217,"Bad"
"Roman","Latinx","angry",0.98954445,"Bad"
"Sergio","Latinx","rude",0.9954702,"Bad"
"Sergio","Latinx","lazy",0.9959777,"Bad"
"Sergio","Latinx","disagreeable",0.963662,"Bad"
"Sergio","Latinx","lousy",0.99664676,"Bad"
"Sergio","Latinx","sad",0.99639344,"Bad"
"Sergio","Latinx","hate",0.9970676,"Bad"
"Sergio","Latinx","violent",0.9971842,"Bad"
"Sergio","Latinx","bitter",0.99683934,"Bad"
"Sergio","Latinx","harsh",0.99649394,"Bad"
"Sergio","Latinx","angry",0.9907669,"Bad"
"Felix","Latinx","rude",0.99783766,"Bad"
"Felix","Latinx","lazy",0.99616885,"Bad"
"Felix","Latinx","disagreeable",0.9637169,"Bad"
"Felix","Latinx","lousy",0.99738383,"Bad"
"Felix","Latinx","sad",0.9981849,"Bad"
"Felix","Latinx","hate",0.9984686,"Bad"
"Felix","Latinx","violent",0.99719447,"Bad"
"Felix","Latinx","bitter",0.99739283,"Bad"
"Felix","Latinx","harsh",0.996466,"Bad"
"Felix","Latinx","angry",0.9905248,"Bad"
"Patricia","Latinx","rude",0.99438876,"Bad"
"Patricia","Latinx","lazy",0.99605405,"Bad"
"Patricia","Latinx","disagreeable",0.9649755,"Bad"
"Patricia","Latinx","lousy",0.99604565,"Bad"
"Patricia","Latinx","sad",0.9952627,"Bad"
"Patricia","Latinx","hate",0.99622625,"Bad"
"Patricia","Latinx","violent",0.9969087,"Bad"
"Patricia","Latinx","bitter",0.99670273,"Bad"
"Patricia","Latinx","harsh",0.99612385,"Bad"
"Patricia","Latinx","angry",0.9916639,"Bad"
"Laura","Latinx","rude",0.9946854,"Bad"
"Laura","Latinx","lazy",0.99638885,"Bad"
"Laura","Latinx","disagreeable",0.9635248,"Bad"
"Laura","Latinx","lousy",0.9969603,"Bad"
"Laura","Latinx","sad",0.99579054,"Bad"
"Laura","Latinx","hate",0.9965334,"Bad"
"Laura","Latinx","violent",0.9967988,"Bad"
"Laura","Latinx","bitter",0.997053,"Bad"
"Laura","Latinx","harsh",0.9970561,"Bad"
"Laura","Latinx","angry",0.990525,"Bad"
"Amanda","Latinx","rude",0.9946932,"Bad"
"Amanda","Latinx","lazy",0.9964241,"Bad"
"Amanda","Latinx","disagreeable",0.96331483,"Bad"
"Amanda","Latinx","lousy",0.99681026,"Bad"
"Amanda","Latinx","sad",0.9957299,"Bad"
"Amanda","Latinx","hate",0.99652475,"Bad"
"Amanda","Latinx","violent",0.99732184,"Bad"
"Amanda","Latinx","bitter",0.99717826,"Bad"
"Amanda","Latinx","harsh",0.9965509,"Bad"
"Amanda","Latinx","angry",0.99195975,"Bad"
"Victoria","Latinx","rude",0.9945141,"Bad"
"Victoria","Latinx","lazy",0.99580646,"Bad"
"Victoria","Latinx","disagreeable",0.96056855,"Bad"
"Victoria","Latinx","lousy",0.996248,"Bad"
"Victoria","Latinx","sad",0.9951511,"Bad"
"Victoria","Latinx","hate",0.99581724,"Bad"
"Victoria","Latinx","violent",0.99661237,"Bad"
"Victoria","Latinx","bitter",0.99690306,"Bad"
"Victoria","Latinx","harsh",0.9956621,"Bad"
"Victoria","Latinx","angry",0.9904702,"Bad"
"Julia","Latinx","rude",0.9969861,"Bad"
"Julia","Latinx","lazy",0.9960816,"Bad"
"Julia","Latinx","disagreeable",0.9637987,"Bad"
"Julia","Latinx","lousy",0.9972531,"Bad"
"Julia","Latinx","sad",0.9979431,"Bad"
"Julia","Latinx","hate",0.9982777,"Bad"
"Julia","Latinx","violent",0.99738646,"Bad"
"Julia","Latinx","bitter",0.99737674,"Bad"
"Julia","Latinx","harsh",0.9966388,"Bad"
"Julia","Latinx","angry",0.9903568,"Bad"
"Gloria","Latinx","rude",0.99510145,"Bad"
"Gloria","Latinx","lazy",0.9961969,"Bad"
"Gloria","Latinx","disagreeable",0.96368504,"Bad"
"Gloria","Latinx","lousy",0.9972321,"Bad"
"Gloria","Latinx","sad",0.99616504,"Bad"
"Gloria","Latinx","hate",0.996794,"Bad"
"Gloria","Latinx","violent",0.99695,"Bad"
"Gloria","Latinx","bitter",0.9974631,"Bad"
"Gloria","Latinx","harsh",0.9966885,"Bad"
"Gloria","Latinx","angry",0.9908828,"Bad"
"Diana","Latinx","rude",0.9988321,"Bad"
"Diana","Latinx","lazy",0.9932783,"Bad"
"Diana","Latinx","disagreeable",0.9623134,"Bad"
"Diana","Latinx","lousy",0.9951337,"Bad"
"Diana","Latinx","sad",0.999166,"Bad"
"Diana","Latinx","hate",0.9987596,"Bad"
"Diana","Latinx","violent",0.99492776,"Bad"
"Diana","Latinx","bitter",0.9948354,"Bad"
"Diana","Latinx","harsh",0.9945489,"Bad"
"Diana","Latinx","angry",0.98718554,"Bad"
"Clara","Latinx","rude",0.9972911,"Bad"
"Clara","Latinx","lazy",0.99688345,"Bad"
"Clara","Latinx","disagreeable",0.96464425,"Bad"
"Clara","Latinx","lousy",0.9975395,"Bad"
"Clara","Latinx","sad",0.9980282,"Bad"
"Clara","Latinx","hate",0.99845845,"Bad"
"Clara","Latinx","violent",0.9977859,"Bad"
"Clara","Latinx","bitter",0.9979757,"Bad"
"Clara","Latinx","harsh",0.99717087,"Bad"
"Clara","Latinx","angry",0.99085826,"Bad"
"Paula","Latinx","rude",0.99815434,"Bad"
"Paula","Latinx","lazy",0.9950836,"Bad"
"Paula","Latinx","disagreeable",0.964247,"Bad"
"Paula","Latinx","lousy",0.9965,"Bad"
"Paula","Latinx","sad",0.99893945,"Bad"
"Paula","Latinx","hate",0.99897367,"Bad"
"Paula","Latinx","violent",0.9964566,"Bad"
"Paula","Latinx","bitter",0.99653167,"Bad"
"Paula","Latinx","harsh",0.99603176,"Bad"
"Paula","Latinx","angry",0.9892127,"Bad"
"Norma","Latinx","rude",0.998863,"Bad"
"Norma","Latinx","lazy",0.99322236,"Bad"
"Norma","Latinx","disagreeable",0.9617722,"Bad"
"Norma","Latinx","lousy",0.99484926,"Bad"
"Norma","Latinx","sad",0.9989303,"Bad"
"Norma","Latinx","hate",0.9985206,"Bad"
"Norma","Latinx","violent",0.99448574,"Bad"
"Norma","Latinx","bitter",0.99453527,"Bad"
"Norma","Latinx","harsh",0.9945082,"Bad"
"Norma","Latinx","angry",0.98722565,"Bad"
"Lian","Chinese","rude",0.9966203,"Bad"
"Lian","Chinese","lazy",0.9972777,"Bad"
"Lian","Chinese","disagreeable",0.9642228,"Bad"
"Lian","Chinese","lousy",0.99814206,"Bad"
"Lian","Chinese","sad",0.9974087,"Bad"
"Lian","Chinese","hate",0.9980045,"Bad"
"Lian","Chinese","violent",0.99766874,"Bad"
"Lian","Chinese","bitter",0.99791914,"Bad"
"Lian","Chinese","harsh",0.99748653,"Bad"
"Lian","Chinese","angry",0.9913355,"Bad"
"Shan","Chinese","rude",0.999,"Bad"
"Shan","Chinese","lazy",0.9920833,"Bad"
"Shan","Chinese","disagreeable",0.9603282,"Bad"
"Shan","Chinese","lousy",0.9939123,"Bad"
"Shan","Chinese","sad",0.9979291,"Bad"
"Shan","Chinese","hate",0.99738663,"Bad"
"Shan","Chinese","violent",0.99313855,"Bad"
"Shan","Chinese","bitter",0.993156,"Bad"
"Shan","Chinese","harsh",0.9930182,"Bad"
"Shan","Chinese","angry",0.9861024,"Bad"
"Lew","Chinese","rude",0.99498004,"Bad"
"Lew","Chinese","lazy",0.99783385,"Bad"
"Lew","Chinese","disagreeable",0.9641352,"Bad"
"Lew","Chinese","lousy",0.9980544,"Bad"
"Lew","Chinese","sad",0.995338,"Bad"
"Lew","Chinese","hate",0.99641037,"Bad"
"Lew","Chinese","violent",0.9973657,"Bad"
"Lew","Chinese","bitter",0.9972104,"Bad"
"Lew","Chinese","harsh",0.9977255,"Bad"
"Lew","Chinese","angry",0.9922127,"Bad"
"Long","Chinese","rude",0.9985777,"Bad"
"Long","Chinese","lazy",0.9915818,"Bad"
"Long","Chinese","disagreeable",0.96074724,"Bad"
"Long","Chinese","lousy",0.9934377,"Bad"
"Long","Chinese","sad",0.998026,"Bad"
"Long","Chinese","hate",0.99726194,"Bad"
"Long","Chinese","violent",0.9926803,"Bad"
"Long","Chinese","bitter",0.9927217,"Bad"
"Long","Chinese","harsh",0.9928161,"Bad"
"Long","Chinese","angry",0.9856264,"Bad"
"Quan","Chinese","rude",0.9977666,"Bad"
"Quan","Chinese","lazy",0.9906099,"Bad"
"Quan","Chinese","disagreeable",0.9611794,"Bad"
"Quan","Chinese","lousy",0.99271935,"Bad"
"Quan","Chinese","sad",0.9983025,"Bad"
"Quan","Chinese","hate",0.9974914,"Bad"
"Quan","Chinese","violent",0.99243504,"Bad"
"Quan","Chinese","bitter",0.9922655,"Bad"
"Quan","Chinese","harsh",0.9920511,"Bad"
"Quan","Chinese","angry",0.98420125,"Bad"
"Jun","Chinese","rude",0.9985416,"Bad"
"Jun","Chinese","lazy",0.9921736,"Bad"
"Jun","Chinese","disagreeable",0.9618493,"Bad"
"Jun","Chinese","lousy",0.99405247,"Bad"
"Jun","Chinese","sad",0.9988863,"Bad"
"Jun","Chinese","hate",0.9983435,"Bad"
"Jun","Chinese","violent",0.99382865,"Bad"
"Jun","Chinese","bitter",0.99377614,"Bad"
"Jun","Chinese","harsh",0.99344635,"Bad"
"Jun","Chinese","angry",0.9859675,"Bad"
"Tou","Chinese","rude",0.9970429,"Bad"
"Tou","Chinese","lazy",0.9965381,"Bad"
"Tou","Chinese","disagreeable",0.9648763,"Bad"
"Tou","Chinese","lousy",0.9979135,"Bad"
"Tou","Chinese","sad",0.99797446,"Bad"
"Tou","Chinese","hate",0.9983374,"Bad"
"Tou","Chinese","violent",0.9973313,"Bad"
"Tou","Chinese","bitter",0.997505,"Bad"
"Tou","Chinese","harsh",0.9972768,"Bad"
"Tou","Chinese","angry",0.99110204,"Bad"
"Jin","Chinese","rude",0.99805206,"Bad"
"Jin","Chinese","lazy",0.9962864,"Bad"
"Jin","Chinese","disagreeable",0.9632169,"Bad"
"Jin","Chinese","lousy",0.9975614,"Bad"
"Jin","Chinese","sad",0.99864256,"Bad"
"Jin","Chinese","hate",0.99890155,"Bad"
"Jin","Chinese","violent",0.9973956,"Bad"
"Jin","Chinese","bitter",0.9975706,"Bad"
"Jin","Chinese","harsh",0.9969531,"Bad"
"Jin","Chinese","angry",0.99058867,"Bad"
"Cai","Chinese","rude",0.997886,"Bad"
"Cai","Chinese","lazy",0.99599946,"Bad"
"Cai","Chinese","disagreeable",0.9624714,"Bad"
"Cai","Chinese","lousy",0.9967396,"Bad"
"Cai","Chinese","sad",0.9980477,"Bad"
"Cai","Chinese","hate",0.9983391,"Bad"
"Cai","Chinese","violent",0.9966402,"Bad"
"Cai","Chinese","bitter",0.9969886,"Bad"
"Cai","Chinese","harsh",0.9966178,"Bad"
"Cai","Chinese","angry",0.99017626,"Bad"
"Chan","Chinese","rude",0.9989678,"Bad"
"Chan","Chinese","lazy",0.99289274,"Bad"
"Chan","Chinese","disagreeable",0.96186364,"Bad"
"Chan","Chinese","lousy",0.99472916,"Bad"
"Chan","Chinese","sad",0.9990612,"Bad"
"Chan","Chinese","hate",0.9986121,"Bad"
"Chan","Chinese","violent",0.99436325,"Bad"
"Chan","Chinese","bitter",0.9943723,"Bad"
"Chan","Chinese","harsh",0.9941265,"Bad"
"Chan","Chinese","angry",0.98658377,"Bad"
"Lue","Chinese","rude",0.99370754,"Bad"
"Lue","Chinese","lazy",0.9958243,"Bad"
"Lue","Chinese","disagreeable",0.9642978,"Bad"
"Lue","Chinese","lousy",0.9960598,"Bad"
"Lue","Chinese","sad",0.9949172,"Bad"
"Lue","Chinese","hate",0.99590254,"Bad"
"Lue","Chinese","violent",0.9962503,"Bad"
"Lue","Chinese","bitter",0.99605346,"Bad"
"Lue","Chinese","harsh",0.9959831,"Bad"
"Lue","Chinese","angry",0.9906358,"Bad"
"China","Chinese","rude",0.98730725,"Bad"
"China","Chinese","lazy",0.990867,"Bad"
"China","Chinese","disagreeable",0.9810077,"Bad"
"China","Chinese","lousy",0.99085546,"Bad"
"China","Chinese","sad",0.98896366,"Bad"
"China","Chinese","hate",0.9901687,"Bad"
"China","Chinese","violent",0.9915738,"Bad"
"China","Chinese","bitter",0.99126244,"Bad"
"China","Chinese","harsh",0.9908953,"Bad"
"China","Chinese","angry",0.9864038,"Bad"
"Lu","Chinese","rude",0.99849564,"Bad"
"Lu","Chinese","lazy",0.9961322,"Bad"
"Lu","Chinese","disagreeable",0.9639669,"Bad"
"Lu","Chinese","lousy",0.99747556,"Bad"
"Lu","Chinese","sad",0.9990378,"Bad"
"Lu","Chinese","hate",0.9991461,"Bad"
"Lu","Chinese","violent",0.99698263,"Bad"
"Lu","Chinese","bitter",0.99718934,"Bad"
"Lu","Chinese","harsh",0.9967953,"Bad"
"Lu","Chinese","angry",0.9901313,"Bad"
"Maylee","Chinese","rude",0.9950366,"Bad"
"Maylee","Chinese","lazy",0.9970283,"Bad"
"Maylee","Chinese","disagreeable",0.9646884,"Bad"
"Maylee","Chinese","lousy",0.9969503,"Bad"
"Maylee","Chinese","sad",0.99580127,"Bad"
"Maylee","Chinese","hate",0.9969122,"Bad"
"Maylee","Chinese","violent",0.9973005,"Bad"
"Maylee","Chinese","bitter",0.99730116,"Bad"
"Maylee","Chinese","harsh",0.99707276,"Bad"
"Maylee","Chinese","angry",0.9921627,"Bad"
"Tennie","Chinese","rude",0.96708494,"Bad"
"Tennie","Chinese","lazy",0.9697598,"Bad"
"Tennie","Chinese","disagreeable",0.991749,"Bad"
"Tennie","Chinese","lousy",0.96882063,"Bad"
"Tennie","Chinese","sad",0.9692305,"Bad"
"Tennie","Chinese","hate",0.9705171,"Bad"
"Tennie","Chinese","violent",0.97009784,"Bad"
"Tennie","Chinese","bitter",0.9690617,"Bad"
"Tennie","Chinese","harsh",0.96962893,"Bad"
"Tennie","Chinese","angry",0.9616241,"Bad"
"Maylin","Chinese","rude",0.9950366,"Bad"
"Maylin","Chinese","lazy",0.9970283,"Bad"
"Maylin","Chinese","disagreeable",0.9646884,"Bad"
"Maylin","Chinese","lousy",0.9969503,"Bad"
"Maylin","Chinese","sad",0.99580127,"Bad"
"Maylin","Chinese","hate",0.9969122,"Bad"
"Maylin","Chinese","violent",0.9973005,"Bad"
"Maylin","Chinese","bitter",0.99730116,"Bad"
"Maylin","Chinese","harsh",0.99707276,"Bad"
"Maylin","Chinese","angry",0.9921627,"Bad"
"Chynna","Chinese","rude",0.99942636,"Bad"
"Chynna","Chinese","lazy",0.9936344,"Bad"
"Chynna","Chinese","disagreeable",0.96067214,"Bad"
"Chynna","Chinese","lousy",0.9953337,"Bad"
"Chynna","Chinese","sad",0.9983853,"Bad"
"Chynna","Chinese","hate",0.99805623,"Bad"
"Chynna","Chinese","violent",0.99454635,"Bad"
"Chynna","Chinese","bitter",0.9948485,"Bad"
"Chynna","Chinese","harsh",0.99459493,"Bad"
"Chynna","Chinese","angry",0.98761135,"Bad"
"Jia","Chinese","rude",0.99869233,"Bad"
"Jia","Chinese","lazy",0.99333835,"Bad"
"Jia","Chinese","disagreeable",0.9623811,"Bad"
"Jia","Chinese","lousy",0.9948499,"Bad"
"Jia","Chinese","sad",0.99925226,"Bad"
"Jia","Chinese","hate",0.998872,"Bad"
"Jia","Chinese","violent",0.994813,"Bad"
"Jia","Chinese","bitter",0.99477303,"Bad"
"Jia","Chinese","harsh",0.9945802,"Bad"
"Jia","Chinese","angry",0.9869853,"Bad"
"Mei","Chinese","rude",0.9979829,"Bad"
"Mei","Chinese","lazy",0.9914422,"Bad"
"Mei","Chinese","disagreeable",0.9613161,"Bad"
"Mei","Chinese","lousy",0.9935545,"Bad"
"Mei","Chinese","sad",0.99843067,"Bad"
"Mei","Chinese","hate",0.9975243,"Bad"
"Mei","Chinese","violent",0.9928853,"Bad"
"Mei","Chinese","bitter",0.9930296,"Bad"
"Mei","Chinese","harsh",0.99270254,"Bad"
"Mei","Chinese","angry",0.9855616,"Bad"
"Tylee","Chinese","rude",0.9983526,"Bad"
"Tylee","Chinese","lazy",0.99566215,"Bad"
"Tylee","Chinese","disagreeable",0.9645205,"Bad"
"Tylee","Chinese","lousy",0.9968607,"Bad"
"Tylee","Chinese","sad",0.999306,"Bad"
"Tylee","Chinese","hate",0.9995779,"Bad"
"Tylee","Chinese","violent",0.99700826,"Bad"
"Tylee","Chinese","bitter",0.9969732,"Bad"
"Tylee","Chinese","harsh",0.99658304,"Bad"
"Tylee","Chinese","angry",0.9893955,"Bad"
