"","Name","Gender","Word","CosineSimilarity","Good_or_Bad"
"1","James","M","happy",0.789119136361689,"Good"
"2","James","M","agreeable",0.64246583131631,"Good"
"3","James","M","polite",0.786981145525218,"Good"
"4","James","M","civil",0.564061091717645,"Good"
"5","James","M","charming",0.892825509407488,"Good"
"6","James","M","gracious",0.531298037997819,"Good"
"7","James","M","gentle",0.875843951260242,"Good"
"8","James","M","approachable",0.776005278518313,"Good"
"9","James","M","love",0.729238687455208,"Good"
"10","James","M","cool",0.797568030667812,"Good"
"11","John","M","happy",0.712303821658188,"Good"
"12","John","M","agreeable",0.641134390302877,"Good"
"13","John","M","polite",0.736268860639902,"Good"
"14","John","M","civil",0.633948005266482,"Good"
"15","John","M","charming",0.804378265589477,"Good"
"16","John","M","gracious",0.499983847905514,"Good"
"17","John","M","gentle",0.807299684888892,"Good"
"18","John","M","approachable",0.75387990084205,"Good"
"19","John","M","love",0.662910664840615,"Good"
"20","John","M","cool",0.745547391542231,"Good"
"21","Robert","M","happy",0.772563758317767,"Good"
"22","Robert","M","agreeable",0.643651194447387,"Good"
"23","Robert","M","polite",0.76708664187545,"Good"
"24","Robert","M","civil",0.57837003161833,"Good"
"25","Robert","M","charming",0.86941891093448,"Good"
"26","Robert","M","gracious",0.497405219630612,"Good"
"27","Robert","M","gentle",0.871954132617135,"Good"
"28","Robert","M","approachable",0.823949104784863,"Good"
"29","Robert","M","love",0.692533415899243,"Good"
"30","Robert","M","cool",0.781095834181145,"Good"
"31","Michael","M","happy",0.844881216217436,"Good"
"32","Michael","M","agreeable",0.649597032912123,"Good"
"33","Michael","M","polite",0.810047339471613,"Good"
"34","Michael","M","civil",0.574910370575048,"Good"
"35","Michael","M","charming",0.935396066477317,"Good"
"36","Michael","M","gracious",0.522236903219451,"Good"
"37","Michael","M","gentle",0.911895460739187,"Good"
"38","Michael","M","approachable",0.803199646908989,"Good"
"39","Michael","M","love",0.755679925530198,"Good"
"40","Michael","M","cool",0.851903399822202,"Good"
"41","William","M","happy",0.737354613423829,"Good"
"42","William","M","agreeable",0.659203724569227,"Good"
"43","William","M","polite",0.772816934616771,"Good"
"44","William","M","civil",0.569592198351594,"Good"
"45","William","M","charming",0.86348638843629,"Good"
"46","William","M","gracious",0.509968574664821,"Good"
"47","William","M","gentle",0.866875647791509,"Good"
"48","William","M","approachable",0.794364122649529,"Good"
"49","William","M","love",0.652885730779725,"Good"
"50","William","M","cool",0.793524300203589,"Good"
"51","David","M","happy",0.7936725051819,"Good"
"52","David","M","agreeable",0.607726964856466,"Good"
"53","David","M","polite",0.747597185717163,"Good"
"54","David","M","civil",0.531036422488848,"Good"
"55","David","M","charming",0.86370445900531,"Good"
"56","David","M","gracious",0.496334494866072,"Good"
"57","David","M","gentle",0.85318526047708,"Good"
"58","David","M","approachable",0.757480918652276,"Good"
"59","David","M","love",0.707582619779108,"Good"
"60","David","M","cool",0.780005654270678,"Good"
"61","Joseph","M","happy",0.77836234294466,"Good"
"62","Joseph","M","agreeable",0.661227509375737,"Good"
"63","Joseph","M","polite",0.743396949412366,"Good"
"64","Joseph","M","civil",0.524762025519687,"Good"
"65","Joseph","M","charming",0.859188098196018,"Good"
"66","Joseph","M","gracious",0.506273393948305,"Good"
"67","Joseph","M","gentle",0.860324174957412,"Good"
"68","Joseph","M","approachable",0.79598412238736,"Good"
"69","Joseph","M","love",0.703174775450435,"Good"
"70","Joseph","M","cool",0.761933916212964,"Good"
"71","Richard","M","happy",0.762662161235326,"Good"
"72","Richard","M","agreeable",0.64823845845517,"Good"
"73","Richard","M","polite",0.754218679783136,"Good"
"74","Richard","M","civil",0.589275185654837,"Good"
"75","Richard","M","charming",0.847877204929508,"Good"
"76","Richard","M","gracious",0.516206724535436,"Good"
"77","Richard","M","gentle",0.837987177173846,"Good"
"78","Richard","M","approachable",0.781366995681718,"Good"
"79","Richard","M","love",0.681321769817159,"Good"
"80","Richard","M","cool",0.751243270292089,"Good"
"81","Charles","M","happy",0.740780794322653,"Good"
"82","Charles","M","agreeable",0.695442089916393,"Good"
"83","Charles","M","polite",0.760941167673302,"Good"
"84","Charles","M","civil",0.62123443921225,"Good"
"85","Charles","M","charming",0.840991397574329,"Good"
"86","Charles","M","gracious",0.505615567907469,"Good"
"87","Charles","M","gentle",0.851348625527662,"Good"
"88","Charles","M","approachable",0.767868998143685,"Good"
"89","Charles","M","love",0.695099419946121,"Good"
"90","Charles","M","cool",0.762157174820898,"Good"
"91","Thomas","M","happy",0.782427430835746,"Good"
"92","Thomas","M","agreeable",0.647403530059273,"Good"
"93","Thomas","M","polite",0.781439628226515,"Good"
"94","Thomas","M","civil",0.581166522940695,"Good"
"95","Thomas","M","charming",0.890459002750318,"Good"
"96","Thomas","M","gracious",0.496112273865922,"Good"
"97","Thomas","M","gentle",0.881630516930318,"Good"
"98","Thomas","M","approachable",0.800009348846123,"Good"
"99","Thomas","M","love",0.702904478623014,"Good"
"100","Thomas","M","cool",0.803130991860693,"Good"
"101","Christopher","M","happy",0.808430850306781,"Good"
"102","Christopher","M","agreeable",0.626367069870675,"Good"
"103","Christopher","M","polite",0.767906628719275,"Good"
"104","Christopher","M","civil",0.518303937386043,"Good"
"105","Christopher","M","charming",0.893808573607844,"Good"
"106","Christopher","M","gracious",0.521502207735373,"Good"
"107","Christopher","M","gentle",0.869804555160423,"Good"
"108","Christopher","M","approachable",0.785348642613604,"Good"
"109","Christopher","M","love",0.702571752393994,"Good"
"110","Christopher","M","cool",0.817989604484319,"Good"
"111","Daniel","M","happy",0.841845521714208,"Good"
"112","Daniel","M","agreeable",0.623500073099468,"Good"
"113","Daniel","M","polite",0.751975890560602,"Good"
"114","Daniel","M","civil",0.492455398170054,"Good"
"115","Daniel","M","charming",0.928052397394511,"Good"
"116","Daniel","M","gracious",0.496120488260869,"Good"
"117","Daniel","M","gentle",0.879528254388502,"Good"
"118","Daniel","M","approachable",0.719952201559877,"Good"
"119","Daniel","M","love",0.783609439034992,"Good"
"120","Daniel","M","cool",0.823034211415837,"Good"
"121","Matthew","M","happy",0.866159162324019,"Good"
"122","Matthew","M","agreeable",0.612984177622681,"Good"
"123","Matthew","M","polite",0.785299944221664,"Good"
"124","Matthew","M","civil",0.498197087303523,"Good"
"125","Matthew","M","charming",0.906811113429588,"Good"
"126","Matthew","M","gracious",0.505785631823071,"Good"
"127","Matthew","M","gentle",0.88465727071315,"Good"
"128","Matthew","M","approachable",0.717798888715147,"Good"
"129","Matthew","M","love",0.77276289254475,"Good"
"130","Matthew","M","cool",0.824252760702501,"Good"
"131","George","M","happy",0.702541419659811,"Good"
"132","George","M","agreeable",0.652404107833873,"Good"
"133","George","M","polite",0.73803364125036,"Good"
"134","George","M","civil",0.625697363220726,"Good"
"135","George","M","charming",0.805728124141055,"Good"
"136","George","M","gracious",0.503301598791035,"Good"
"137","George","M","gentle",0.802264883350922,"Good"
"138","George","M","approachable",0.740221765836203,"Good"
"139","George","M","love",0.667175267414872,"Good"
"140","George","M","cool",0.74030280300404,"Good"
"141","Anthony","M","happy",0.802825070499396,"Good"
"142","Anthony","M","agreeable",0.659165333081264,"Good"
"143","Anthony","M","polite",0.796871380802437,"Good"
"144","Anthony","M","civil",0.590514089347507,"Good"
"145","Anthony","M","charming",0.898308505627241,"Good"
"146","Anthony","M","gracious",0.487477803407843,"Good"
"147","Anthony","M","gentle",0.891091338226622,"Good"
"148","Anthony","M","approachable",0.799108532356017,"Good"
"149","Anthony","M","love",0.721162294343111,"Good"
"150","Anthony","M","cool",0.80960623510968,"Good"
"151","Donald","M","happy",0.743794699062442,"Good"
"152","Donald","M","agreeable",0.648093712169469,"Good"
"153","Donald","M","polite",0.73606497071058,"Good"
"154","Donald","M","civil",0.558449155437416,"Good"
"155","Donald","M","charming",0.828871031889526,"Good"
"156","Donald","M","gracious",0.490889215689225,"Good"
"157","Donald","M","gentle",0.82610217552111,"Good"
"158","Donald","M","approachable",0.780773138160693,"Good"
"159","Donald","M","love",0.639375990980283,"Good"
"160","Donald","M","cool",0.788680920008084,"Good"
"161","Paul","M","happy",0.793883139561809,"Good"
"162","Paul","M","agreeable",0.658271433976377,"Good"
"163","Paul","M","polite",0.785538265435912,"Good"
"164","Paul","M","civil",0.561683119494475,"Good"
"165","Paul","M","charming",0.897529608051615,"Good"
"166","Paul","M","gracious",0.501572079551728,"Good"
"167","Paul","M","gentle",0.878461143957738,"Good"
"168","Paul","M","approachable",0.786035296857338,"Good"
"169","Paul","M","love",0.712541554894692,"Good"
"170","Paul","M","cool",0.810037205502268,"Good"
"171","Mark","M","happy",0.732405397234478,"Good"
"172","Mark","M","agreeable",0.578081127024671,"Good"
"173","Mark","M","polite",0.643325039734325,"Good"
"174","Mark","M","civil",0.443653556734439,"Good"
"175","Mark","M","charming",0.779108988211703,"Good"
"176","Mark","M","gracious",0.497050063780021,"Good"
"177","Mark","M","gentle",0.766480540582587,"Good"
"178","Mark","M","approachable",0.673531704572727,"Good"
"179","Mark","M","love",0.696349996726347,"Good"
"180","Mark","M","cool",0.717330166692728,"Good"
"181","Andrew","M","happy",0.83938656420359,"Good"
"182","Andrew","M","agreeable",0.669039312503219,"Good"
"183","Andrew","M","polite",0.794599261866575,"Good"
"184","Andrew","M","civil",0.55356677848274,"Good"
"185","Andrew","M","charming",0.901031361383953,"Good"
"186","Andrew","M","gracious",0.498699462405032,"Good"
"187","Andrew","M","gentle",0.885730710551389,"Good"
"188","Andrew","M","approachable",0.790627472208627,"Good"
"189","Andrew","M","love",0.759887476969863,"Good"
"190","Andrew","M","cool",0.834945602893182,"Good"
"191","Edward","M","happy",0.785724256630979,"Good"
"192","Edward","M","agreeable",0.690044540697554,"Good"
"193","Edward","M","polite",0.79613578605828,"Good"
"194","Edward","M","civil",0.60558712361945,"Good"
"195","Edward","M","charming",0.874590244363204,"Good"
"196","Edward","M","gracious",0.521924410342196,"Good"
"197","Edward","M","gentle",0.857310097282993,"Good"
"198","Edward","M","approachable",0.791373235509055,"Good"
"199","Edward","M","love",0.719890982700692,"Good"
"200","Edward","M","cool",0.778544875447118,"Good"
"201","Mary","F","happy",0.816145446878476,"Good"
"202","Mary","F","agreeable",0.631773957559559,"Good"
"203","Mary","F","polite",0.793866261141876,"Good"
"204","Mary","F","civil",0.533324019074136,"Good"
"205","Mary","F","charming",0.914917406939292,"Good"
"206","Mary","F","gracious",0.603197703123742,"Good"
"207","Mary","F","gentle",0.927369997342686,"Good"
"208","Mary","F","approachable",0.752435256819513,"Good"
"209","Mary","F","love",0.768336198341356,"Good"
"210","Mary","F","cool",0.822479540882075,"Good"
"211","Elizabeth","F","happy",0.716258404320405,"Good"
"212","Elizabeth","F","agreeable",0.623124199680147,"Good"
"213","Elizabeth","F","polite",0.735319345757856,"Good"
"214","Elizabeth","F","civil",0.587344647201075,"Good"
"215","Elizabeth","F","charming",0.796697823607299,"Good"
"216","Elizabeth","F","gracious",0.509500336859367,"Good"
"217","Elizabeth","F","gentle",0.808015876367511,"Good"
"218","Elizabeth","F","approachable",0.732852260319606,"Good"
"219","Elizabeth","F","love",0.659631668605782,"Good"
"220","Elizabeth","F","cool",0.709513867264854,"Good"
"221","Patricia","F","happy",0.788731935724072,"Good"
"222","Patricia","F","agreeable",0.688361540873843,"Good"
"223","Patricia","F","polite",0.819448653961574,"Good"
"224","Patricia","F","civil",0.607262756427902,"Good"
"225","Patricia","F","charming",0.883314727296441,"Good"
"226","Patricia","F","gracious",0.542506571256556,"Good"
"227","Patricia","F","gentle",0.866654723801087,"Good"
"228","Patricia","F","approachable",0.785796370371884,"Good"
"229","Patricia","F","love",0.695194084362839,"Good"
"230","Patricia","F","cool",0.80590825285215,"Good"
"231","Jennifer","F","happy",0.850968342275264,"Good"
"232","Jennifer","F","agreeable",0.607682001852545,"Good"
"233","Jennifer","F","polite",0.792117476984735,"Good"
"234","Jennifer","F","civil",0.499736205514685,"Good"
"235","Jennifer","F","charming",0.937443041817772,"Good"
"236","Jennifer","F","gracious",0.522183812287898,"Good"
"237","Jennifer","F","gentle",0.907298858261359,"Good"
"238","Jennifer","F","approachable",0.724848326817675,"Good"
"239","Jennifer","F","love",0.765536905477978,"Good"
"240","Jennifer","F","cool",0.822902867563997,"Good"
"241","Linda","F","happy",0.807979214225852,"Good"
"242","Linda","F","agreeable",0.690019811045397,"Good"
"243","Linda","F","polite",0.790270708065972,"Good"
"244","Linda","F","civil",0.604104261043579,"Good"
"245","Linda","F","charming",0.890334489816381,"Good"
"246","Linda","F","gracious",0.509280986574082,"Good"
"247","Linda","F","gentle",0.889352117354547,"Good"
"248","Linda","F","approachable",0.761978135597974,"Good"
"249","Linda","F","love",0.697909088887328,"Good"
"250","Linda","F","cool",0.83448151551886,"Good"
"251","Barbara","F","happy",0.73361939834036,"Good"
"252","Barbara","F","agreeable",0.636615279832962,"Good"
"253","Barbara","F","polite",0.733768727393769,"Good"
"254","Barbara","F","civil",0.596059307447302,"Good"
"255","Barbara","F","charming",0.797246891059034,"Good"
"256","Barbara","F","gracious",0.493776532279511,"Good"
"257","Barbara","F","gentle",0.81182187359523,"Good"
"258","Barbara","F","approachable",0.718065657676107,"Good"
"259","Barbara","F","love",0.657023105346347,"Good"
"260","Barbara","F","cool",0.751002908449202,"Good"
"261","Margaret","F","happy",0.623226300285975,"Good"
"262","Margaret","F","agreeable",0.627163433843978,"Good"
"263","Margaret","F","polite",0.674692891442465,"Good"
"264","Margaret","F","civil",0.612809686580539,"Good"
"265","Margaret","F","charming",0.671103944469445,"Good"
"266","Margaret","F","gracious",0.4769558033386,"Good"
"267","Margaret","F","gentle",0.71123742025941,"Good"
"268","Margaret","F","approachable",0.663340320930012,"Good"
"269","Margaret","F","love",0.602741380514328,"Good"
"270","Margaret","F","cool",0.625732313309544,"Good"
"271","Susan","F","happy",0.83860707865022,"Good"
"272","Susan","F","agreeable",0.643736797089469,"Good"
"273","Susan","F","polite",0.805010791293876,"Good"
"274","Susan","F","civil",0.541929920731262,"Good"
"275","Susan","F","charming",0.912265194979127,"Good"
"276","Susan","F","gracious",0.515960586675892,"Good"
"277","Susan","F","gentle",0.892313726662082,"Good"
"278","Susan","F","approachable",0.739982182199154,"Good"
"279","Susan","F","love",0.775221486892644,"Good"
"280","Susan","F","cool",0.816398363775535,"Good"
"281","Dorothy","F","happy",0.757433984193567,"Good"
"282","Dorothy","F","agreeable",0.631978366292772,"Good"
"283","Dorothy","F","polite",0.740164455299666,"Good"
"284","Dorothy","F","civil",0.617592885524642,"Good"
"285","Dorothy","F","charming",0.812673818758766,"Good"
"286","Dorothy","F","gracious",0.484721156224337,"Good"
"287","Dorothy","F","gentle",0.823614925904947,"Good"
"288","Dorothy","F","approachable",0.72804753101401,"Good"
"289","Dorothy","F","love",0.696931316486664,"Good"
"290","Dorothy","F","cool",0.732641453005066,"Good"
"291","Sarah","F","happy",0.86738269212804,"Good"
"292","Sarah","F","agreeable",0.627486302799061,"Good"
"293","Sarah","F","polite",0.791292630677794,"Good"
"294","Sarah","F","civil",0.531221376076133,"Good"
"295","Sarah","F","charming",0.942328669943501,"Good"
"296","Sarah","F","gracious",0.571766505460463,"Good"
"297","Sarah","F","gentle",0.907635838682288,"Good"
"298","Sarah","F","approachable",0.736974727921081,"Good"
"299","Sarah","F","love",0.769952964201598,"Good"
"300","Sarah","F","cool",0.866001895571071,"Good"
"301","Jessica","F","happy",0.86308230937874,"Good"
"302","Jessica","F","agreeable",0.594945452785923,"Good"
"303","Jessica","F","polite",0.772149925747058,"Good"
"304","Jessica","F","civil",0.477068574011128,"Good"
"305","Jessica","F","charming",0.956703342297227,"Good"
"306","Jessica","F","gracious",0.512080798241352,"Good"
"307","Jessica","F","gentle",0.898948363759971,"Good"
"308","Jessica","F","approachable",0.716680918209563,"Good"
"309","Jessica","F","love",0.772343162903142,"Good"
"310","Jessica","F","cool",0.854260256726993,"Good"
"311","Helen","F","happy",0.845705993350525,"Good"
"312","Helen","F","agreeable",0.629757055551342,"Good"
"313","Helen","F","polite",0.780393269951408,"Good"
"314","Helen","F","civil",0.515719273692537,"Good"
"315","Helen","F","charming",0.917455827912611,"Good"
"316","Helen","F","gracious",0.524832997892031,"Good"
"317","Helen","F","gentle",0.89505716163982,"Good"
"318","Helen","F","approachable",0.721130336023401,"Good"
"319","Helen","F","love",0.759372754335739,"Good"
"320","Helen","F","cool",0.854183715859548,"Good"
"321","Nancy","F","happy",0.862788597202353,"Good"
"322","Nancy","F","agreeable",0.648813984905366,"Good"
"323","Nancy","F","polite",0.813275510218552,"Good"
"324","Nancy","F","civil",0.552481198633443,"Good"
"325","Nancy","F","charming",0.933313881646098,"Good"
"326","Nancy","F","gracious",0.514095711501318,"Good"
"327","Nancy","F","gentle",0.905685308985244,"Good"
"328","Nancy","F","approachable",0.789407937194569,"Good"
"329","Nancy","F","love",0.73273172488217,"Good"
"330","Nancy","F","cool",0.849006225957979,"Good"
"331","Betty","F","happy",0.869922323643771,"Good"
"332","Betty","F","agreeable",0.678235647575686,"Good"
"333","Betty","F","polite",0.828496870523047,"Good"
"334","Betty","F","civil",0.567477640157552,"Good"
"335","Betty","F","charming",0.93737201756504,"Good"
"336","Betty","F","gracious",0.525385645090616,"Good"
"337","Betty","F","gentle",0.939654754687211,"Good"
"338","Betty","F","approachable",0.782823001509477,"Good"
"339","Betty","F","love",0.768764211551764,"Good"
"340","Betty","F","cool",0.89047916692823,"Good"
"341","Karen","F","happy",0.832394211822579,"Good"
"342","Karen","F","agreeable",0.568673379366457,"Good"
"343","Karen","F","polite",0.737877273757491,"Good"
"344","Karen","F","civil",0.477223298625007,"Good"
"345","Karen","F","charming",0.905357321165099,"Good"
"346","Karen","F","gracious",0.505747067400477,"Good"
"347","Karen","F","gentle",0.881846858153032,"Good"
"348","Karen","F","approachable",0.693454119871853,"Good"
"349","Karen","F","love",0.714621232173768,"Good"
"350","Karen","F","cool",0.814233464310564,"Good"
"351","Lisa","F","happy",0.859275361010552,"Good"
"352","Lisa","F","agreeable",0.637902155592123,"Good"
"353","Lisa","F","polite",0.811583465913668,"Good"
"354","Lisa","F","civil",0.499741566488229,"Good"
"355","Lisa","F","charming",0.986312811976235,"Good"
"356","Lisa","F","gracious",0.534139475030643,"Good"
"357","Lisa","F","gentle",0.932002224354391,"Good"
"358","Lisa","F","approachable",0.736377809457096,"Good"
"359","Lisa","F","love",0.758997036557585,"Good"
"360","Lisa","F","cool",0.849847829630613,"Good"
"361","Anna","F","happy",0.758800479056596,"Good"
"362","Anna","F","agreeable",0.530477134600453,"Good"
"363","Anna","F","polite",0.629857132821993,"Good"
"364","Anna","F","civil",0.499362493778244,"Good"
"365","Anna","F","charming",0.791916250248723,"Good"
"366","Anna","F","gracious",0.509858830348326,"Good"
"367","Anna","F","gentle",0.783444563158304,"Good"
"368","Anna","F","approachable",0.626892341517257,"Good"
"369","Anna","F","love",0.708447552333391,"Good"
"370","Anna","F","cool",0.74814365914944,"Good"
"371","Sandra","F","happy",0.735486054741627,"Good"
"372","Sandra","F","agreeable",0.560577721336526,"Good"
"373","Sandra","F","polite",0.712613893450616,"Good"
"374","Sandra","F","civil",0.493464212336887,"Good"
"375","Sandra","F","charming",0.814003513132431,"Good"
"376","Sandra","F","gracious",0.511524467535137,"Good"
"377","Sandra","F","gentle",0.790410715942798,"Good"
"378","Sandra","F","approachable",0.661761358579991,"Good"
"379","Sandra","F","love",0.63942864957526,"Good"
"380","Sandra","F","cool",0.72808635483855,"Good"
"381","Emily","F","happy",0.66267945123968,"Good"
"382","Emily","F","agreeable",0.436185945401978,"Good"
"383","Emily","F","polite",0.576240151416029,"Good"
"384","Emily","F","civil",0.363224634579614,"Good"
"385","Emily","F","charming",0.710039138911437,"Good"
"386","Emily","F","gracious",0.385304322926508,"Good"
"387","Emily","F","gentle",0.657742686343722,"Good"
"388","Emily","F","approachable",0.534514224374866,"Good"
"389","Emily","F","love",0.639849226596558,"Good"
"390","Emily","F","cool",0.650948344114597,"Good"
"391","Ashley","F","happy",0.855500370962076,"Good"
"392","Ashley","F","agreeable",0.625371952126575,"Good"
"393","Ashley","F","polite",0.75312919161119,"Good"
"394","Ashley","F","civil",0.491822716824488,"Good"
"395","Ashley","F","charming",0.938288484639202,"Good"
"396","Ashley","F","gracious",0.513224069083373,"Good"
"397","Ashley","F","gentle",0.890825710634224,"Good"
"398","Ashley","F","approachable",0.679387098225729,"Good"
"399","Ashley","F","love",0.811561728030618,"Good"
"400","Ashley","F","cool",0.803353731664736,"Good"
"401","James","M","rude",0.850265190067783,"Bad"
"402","James","M","lazy",0.917823141067724,"Bad"
"403","James","M","disagreeable",0.691192480774598,"Bad"
"404","James","M","lousy",0.596870924255012,"Bad"
"405","James","M","sad",0.835748953425557,"Bad"
"406","James","M","hate",0.845838340223222,"Bad"
"407","James","M","violent",0.929804830472355,"Bad"
"408","James","M","bitter",0.921945608669199,"Bad"
"409","James","M","harsh",0.938029169160816,"Bad"
"410","James","M","angry",0.72810105428214,"Bad"
"411","John","M","rude",0.790183894881477,"Bad"
"412","John","M","lazy",0.847509649665913,"Bad"
"413","John","M","disagreeable",0.658917517755804,"Bad"
"414","John","M","lousy",0.574842632080294,"Bad"
"415","John","M","sad",0.76318568624214,"Bad"
"416","John","M","hate",0.770336239223103,"Bad"
"417","John","M","violent",0.871648902994359,"Bad"
"418","John","M","bitter",0.865846012295168,"Bad"
"419","John","M","harsh",0.849245048682655,"Bad"
"420","John","M","angry",0.678764879425306,"Bad"
"421","Robert","M","rude",0.84372860690537,"Bad"
"422","Robert","M","lazy",0.904861932622662,"Bad"
"423","Robert","M","disagreeable",0.675689323489756,"Bad"
"424","Robert","M","lousy",0.57985975969903,"Bad"
"425","Robert","M","sad",0.830625609356787,"Bad"
"426","Robert","M","hate",0.843269551928793,"Bad"
"427","Robert","M","violent",0.956761794202325,"Bad"
"428","Robert","M","bitter",0.929141193827935,"Bad"
"429","Robert","M","harsh",0.931093625805914,"Bad"
"430","Robert","M","angry",0.722696501210767,"Bad"
"431","Michael","M","rude",0.891756012478825,"Bad"
"432","Michael","M","lazy",0.96655931922415,"Bad"
"433","Michael","M","disagreeable",0.683855210273119,"Bad"
"434","Michael","M","lousy",0.618940668860654,"Bad"
"435","Michael","M","sad",0.871195468393274,"Bad"
"436","Michael","M","hate",0.899287920906894,"Bad"
"437","Michael","M","violent",0.981284097737258,"Bad"
"438","Michael","M","bitter",0.939334203056177,"Bad"
"439","Michael","M","harsh",0.97867762698685,"Bad"
"440","Michael","M","angry",0.775062438913003,"Bad"
"441","William","M","rude",0.847566942908987,"Bad"
"442","William","M","lazy",0.907128794345757,"Bad"
"443","William","M","disagreeable",0.689853361463572,"Bad"
"444","William","M","lousy",0.588782149023374,"Bad"
"445","William","M","sad",0.818055942208567,"Bad"
"446","William","M","hate",0.838138581442821,"Bad"
"447","William","M","violent",0.95990043669107,"Bad"
"448","William","M","bitter",0.910517344668991,"Bad"
"449","William","M","harsh",0.935080979580605,"Bad"
"450","William","M","angry",0.711064451042016,"Bad"
"451","David","M","rude",0.814923473486129,"Bad"
"452","David","M","lazy",0.894350204870469,"Bad"
"453","David","M","disagreeable",0.636671725696346,"Bad"
"454","David","M","lousy",0.571934632508203,"Bad"
"455","David","M","sad",0.839248320259994,"Bad"
"456","David","M","hate",0.812168382714298,"Bad"
"457","David","M","violent",0.859603487178402,"Bad"
"458","David","M","bitter",0.906194912754306,"Bad"
"459","David","M","harsh",0.911135931842173,"Bad"
"460","David","M","angry",0.694714986262592,"Bad"
"461","Joseph","M","rude",0.792233343187148,"Bad"
"462","Joseph","M","lazy",0.830806585447571,"Bad"
"463","Joseph","M","disagreeable",0.697070701798821,"Bad"
"464","Joseph","M","lousy",0.645851510924678,"Bad"
"465","Joseph","M","sad",0.829081216639396,"Bad"
"466","Joseph","M","hate",0.805285584421689,"Bad"
"467","Joseph","M","violent",0.870764688228779,"Bad"
"468","Joseph","M","bitter",0.886510282572073,"Bad"
"469","Joseph","M","harsh",0.888054865517557,"Bad"
"470","Joseph","M","angry",0.711430501774327,"Bad"
"471","Richard","M","rude",0.820115420722805,"Bad"
"472","Richard","M","lazy",0.878174850676999,"Bad"
"473","Richard","M","disagreeable",0.675059115109406,"Bad"
"474","Richard","M","lousy",0.567065882802408,"Bad"
"475","Richard","M","sad",0.809009039950286,"Bad"
"476","Richard","M","hate",0.785491659553001,"Bad"
"477","Richard","M","violent",0.891580241720417,"Bad"
"478","Richard","M","bitter",0.916913677846095,"Bad"
"479","Richard","M","harsh",0.883779575583138,"Bad"
"480","Richard","M","angry",0.702445164244492,"Bad"
"481","Charles","M","rude",0.792058679210376,"Bad"
"482","Charles","M","lazy",0.829648027184217,"Bad"
"483","Charles","M","disagreeable",0.706239868840842,"Bad"
"484","Charles","M","lousy",0.580742418052937,"Bad"
"485","Charles","M","sad",0.78284010474443,"Bad"
"486","Charles","M","hate",0.779293855331673,"Bad"
"487","Charles","M","violent",0.890192406723989,"Bad"
"488","Charles","M","bitter",0.855308309761479,"Bad"
"489","Charles","M","harsh",0.836020218686908,"Bad"
"490","Charles","M","angry",0.728573511692577,"Bad"
"491","Thomas","M","rude",0.853007933306999,"Bad"
"492","Thomas","M","lazy",0.919862386230198,"Bad"
"493","Thomas","M","disagreeable",0.691369392901566,"Bad"
"494","Thomas","M","lousy",0.595758332016436,"Bad"
"495","Thomas","M","sad",0.832382192865762,"Bad"
"496","Thomas","M","hate",0.845514848703469,"Bad"
"497","Thomas","M","violent",0.943311284513818,"Bad"
"498","Thomas","M","bitter",0.925914925361932,"Bad"
"499","Thomas","M","harsh",0.945773354847785,"Bad"
"500","Thomas","M","angry",0.720513547370375,"Bad"
"501","Christopher","M","rude",0.843218795614751,"Bad"
"502","Christopher","M","lazy",0.854463420330866,"Bad"
"503","Christopher","M","disagreeable",0.683866745012972,"Bad"
"504","Christopher","M","lousy",0.603774613050982,"Bad"
"505","Christopher","M","sad",0.845639707506667,"Bad"
"506","Christopher","M","hate",0.791735049342919,"Bad"
"507","Christopher","M","violent",0.874298780337014,"Bad"
"508","Christopher","M","bitter",0.901575932535295,"Bad"
"509","Christopher","M","harsh",0.896151146112158,"Bad"
"510","Christopher","M","angry",0.732619317372366,"Bad"
"511","Daniel","M","rude",0.847348526470706,"Bad"
"512","Daniel","M","lazy",0.87934190003071,"Bad"
"513","Daniel","M","disagreeable",0.686190000719062,"Bad"
"514","Daniel","M","lousy",0.586999452385199,"Bad"
"515","Daniel","M","sad",0.893790000428532,"Bad"
"516","Daniel","M","hate",0.84564091804908,"Bad"
"517","Daniel","M","violent",0.860798292540302,"Bad"
"518","Daniel","M","bitter",0.878155222596441,"Bad"
"519","Daniel","M","harsh",0.933608890832213,"Bad"
"520","Daniel","M","angry",0.758635603179908,"Bad"
"521","Matthew","M","rude",0.836884545969985,"Bad"
"522","Matthew","M","lazy",0.91897177288329,"Bad"
"523","Matthew","M","disagreeable",0.661612185167749,"Bad"
"524","Matthew","M","lousy",0.591570028201142,"Bad"
"525","Matthew","M","sad",0.897724851249413,"Bad"
"526","Matthew","M","hate",0.867904003571584,"Bad"
"527","Matthew","M","violent",0.880416515824435,"Bad"
"528","Matthew","M","bitter",0.911577191845274,"Bad"
"529","Matthew","M","harsh",0.938827435415055,"Bad"
"530","Matthew","M","angry",0.75411284378929,"Bad"
"531","George","M","rude",0.782744938817284,"Bad"
"532","George","M","lazy",0.82015052645279,"Bad"
"533","George","M","disagreeable",0.671577197379183,"Bad"
"534","George","M","lousy",0.578858814057884,"Bad"
"535","George","M","sad",0.750098339277615,"Bad"
"536","George","M","hate",0.759563051603106,"Bad"
"537","George","M","violent",0.85331904270721,"Bad"
"538","George","M","bitter",0.849965321418552,"Bad"
"539","George","M","harsh",0.827730770110075,"Bad"
"540","George","M","angry",0.684330953441536,"Bad"
"541","Anthony","M","rude",0.861259509199759,"Bad"
"542","Anthony","M","lazy",0.888157242818794,"Bad"
"543","Anthony","M","disagreeable",0.689699466935919,"Bad"
"544","Anthony","M","lousy",0.603538055769966,"Bad"
"545","Anthony","M","sad",0.856116156594245,"Bad"
"546","Anthony","M","hate",0.84200150875089,"Bad"
"547","Anthony","M","violent",0.939064009989534,"Bad"
"548","Anthony","M","bitter",0.934987767814783,"Bad"
"549","Anthony","M","harsh",0.909726964233902,"Bad"
"550","Anthony","M","angry",0.774653327457706,"Bad"
"551","Donald","M","rude",0.820376967057924,"Bad"
"552","Donald","M","lazy",0.857186552782987,"Bad"
"553","Donald","M","disagreeable",0.681725416538133,"Bad"
"554","Donald","M","lousy",0.568082046691036,"Bad"
"555","Donald","M","sad",0.790409678335016,"Bad"
"556","Donald","M","hate",0.799974070181508,"Bad"
"557","Donald","M","violent",0.899092591241781,"Bad"
"558","Donald","M","bitter",0.916338428091307,"Bad"
"559","Donald","M","harsh",0.86033335778629,"Bad"
"560","Donald","M","angry",0.703155666173768,"Bad"
"561","Paul","M","rude",0.848692747353331,"Bad"
"562","Paul","M","lazy",0.893272995057286,"Bad"
"563","Paul","M","disagreeable",0.676967569810857,"Bad"
"564","Paul","M","lousy",0.584277201899694,"Bad"
"565","Paul","M","sad",0.850517432519783,"Bad"
"566","Paul","M","hate",0.837915322834887,"Bad"
"567","Paul","M","violent",0.933069179143987,"Bad"
"568","Paul","M","bitter",0.917456519651133,"Bad"
"569","Paul","M","harsh",0.917687560317437,"Bad"
"570","Paul","M","angry",0.746050354621483,"Bad"
"571","Mark","M","rude",0.734941137721024,"Bad"
"572","Mark","M","lazy",0.814419818668356,"Bad"
"573","Mark","M","disagreeable",0.620763365278856,"Bad"
"574","Mark","M","lousy",0.565833291223751,"Bad"
"575","Mark","M","sad",0.772910388491076,"Bad"
"576","Mark","M","hate",0.805618310650708,"Bad"
"577","Mark","M","violent",0.789973433436198,"Bad"
"578","Mark","M","bitter",0.807142798592132,"Bad"
"579","Mark","M","harsh",0.847462092642534,"Bad"
"580","Mark","M","angry",0.664506713132127,"Bad"
"581","Andrew","M","rude",0.874106200332526,"Bad"
"582","Andrew","M","lazy",0.914657745591645,"Bad"
"583","Andrew","M","disagreeable",0.694322684053376,"Bad"
"584","Andrew","M","lousy",0.608426831305969,"Bad"
"585","Andrew","M","sad",0.885216057091117,"Bad"
"586","Andrew","M","hate",0.879942726817343,"Bad"
"587","Andrew","M","violent",0.931118649446943,"Bad"
"588","Andrew","M","bitter",0.931382253704165,"Bad"
"589","Andrew","M","harsh",0.926811885409778,"Bad"
"590","Andrew","M","angry",0.794852092296319,"Bad"
"591","Edward","M","rude",0.816804310527095,"Bad"
"592","Edward","M","lazy",0.863581502483047,"Bad"
"593","Edward","M","disagreeable",0.711476969309533,"Bad"
"594","Edward","M","lousy",0.60630803621348,"Bad"
"595","Edward","M","sad",0.846246950168091,"Bad"
"596","Edward","M","hate",0.786517680715565,"Bad"
"597","Edward","M","violent",0.881296753093515,"Bad"
"598","Edward","M","bitter",0.910167670846185,"Bad"
"599","Edward","M","harsh",0.883583813581449,"Bad"
"600","Edward","M","angry",0.729782428520324,"Bad"
"601","Mary","F","rude",0.852601018121509,"Bad"
"602","Mary","F","lazy",0.945584856100575,"Bad"
"603","Mary","F","disagreeable",0.682973589526996,"Bad"
"604","Mary","F","lousy",0.651586991704914,"Bad"
"605","Mary","F","sad",0.903997017361841,"Bad"
"606","Mary","F","hate",0.909081122562958,"Bad"
"607","Mary","F","violent",0.943129703151827,"Bad"
"608","Mary","F","bitter",0.928788407181781,"Bad"
"609","Mary","F","harsh",0.99352735077047,"Bad"
"610","Mary","F","angry",0.759060953197006,"Bad"
"611","Elizabeth","F","rude",0.74818793041484,"Bad"
"612","Elizabeth","F","lazy",0.802622564047119,"Bad"
"613","Elizabeth","F","disagreeable",0.662784387973448,"Bad"
"614","Elizabeth","F","lousy",0.534987996088495,"Bad"
"615","Elizabeth","F","sad",0.793776784764072,"Bad"
"616","Elizabeth","F","hate",0.740340156884221,"Bad"
"617","Elizabeth","F","violent",0.829795021620114,"Bad"
"618","Elizabeth","F","bitter",0.879135761951192,"Bad"
"619","Elizabeth","F","harsh",0.823128979593333,"Bad"
"620","Elizabeth","F","angry",0.677669684410555,"Bad"
"621","Patricia","F","rude",0.858938380589623,"Bad"
"622","Patricia","F","lazy",0.856774622493213,"Bad"
"623","Patricia","F","disagreeable",0.728841387435171,"Bad"
"624","Patricia","F","lousy",0.608147541877764,"Bad"
"625","Patricia","F","sad",0.851233969867662,"Bad"
"626","Patricia","F","hate",0.818269758585677,"Bad"
"627","Patricia","F","violent",0.902101307942656,"Bad"
"628","Patricia","F","bitter",0.91361996487421,"Bad"
"629","Patricia","F","harsh",0.894323400002746,"Bad"
"630","Patricia","F","angry",0.766569394395721,"Bad"
"631","Jennifer","F","rude",0.845041976249919,"Bad"
"632","Jennifer","F","lazy",0.878977423003536,"Bad"
"633","Jennifer","F","disagreeable",0.669363288239937,"Bad"
"634","Jennifer","F","lousy",0.598783650441836,"Bad"
"635","Jennifer","F","sad",0.929811142586367,"Bad"
"636","Jennifer","F","hate",0.835225411125279,"Bad"
"637","Jennifer","F","violent",0.859738549124797,"Bad"
"638","Jennifer","F","bitter",0.928869098480358,"Bad"
"639","Jennifer","F","harsh",0.925999663330861,"Bad"
"640","Jennifer","F","angry",0.772107314654111,"Bad"
"641","Linda","F","rude",0.844606682491569,"Bad"
"642","Linda","F","lazy",0.856591761414957,"Bad"
"643","Linda","F","disagreeable",0.716083308007057,"Bad"
"644","Linda","F","lousy",0.60622476818891,"Bad"
"645","Linda","F","sad",0.859038682675295,"Bad"
"646","Linda","F","hate",0.832630457821261,"Bad"
"647","Linda","F","violent",0.91752569350332,"Bad"
"648","Linda","F","bitter",0.898991424482957,"Bad"
"649","Linda","F","harsh",0.886682732985576,"Bad"
"650","Linda","F","angry",0.779092213552548,"Bad"
"651","Barbara","F","rude",0.774187441563226,"Bad"
"652","Barbara","F","lazy",0.777971078343227,"Bad"
"653","Barbara","F","disagreeable",0.664575350886959,"Bad"
"654","Barbara","F","lousy",0.554164855608749,"Bad"
"655","Barbara","F","sad",0.797812681289535,"Bad"
"656","Barbara","F","hate",0.756274993593637,"Bad"
"657","Barbara","F","violent",0.823928906020024,"Bad"
"658","Barbara","F","bitter",0.853813981619608,"Bad"
"659","Barbara","F","harsh",0.806644504747903,"Bad"
"660","Barbara","F","angry",0.72017068717201,"Bad"
"661","Margaret","F","rude",0.65981107099143,"Bad"
"662","Margaret","F","lazy",0.675960917326905,"Bad"
"663","Margaret","F","disagreeable",0.61622393498986,"Bad"
"664","Margaret","F","lousy",0.493740388941743,"Bad"
"665","Margaret","F","sad",0.695239237594854,"Bad"
"666","Margaret","F","hate",0.667305539072003,"Bad"
"667","Margaret","F","violent",0.735580131180602,"Bad"
"668","Margaret","F","bitter",0.765255367899576,"Bad"
"669","Margaret","F","harsh",0.698302515171641,"Bad"
"670","Margaret","F","angry",0.633836808299091,"Bad"
"671","Susan","F","rude",0.831915718993538,"Bad"
"672","Susan","F","lazy",0.900078941200116,"Bad"
"673","Susan","F","disagreeable",0.677634751615201,"Bad"
"674","Susan","F","lousy",0.589322742678216,"Bad"
"675","Susan","F","sad",0.907086667469775,"Bad"
"676","Susan","F","hate",0.847751931083198,"Bad"
"677","Susan","F","violent",0.86314406433528,"Bad"
"678","Susan","F","bitter",0.918761657307272,"Bad"
"679","Susan","F","harsh",0.913560648295959,"Bad"
"680","Susan","F","angry",0.744645018640451,"Bad"
"681","Dorothy","F","rude",0.785067710306409,"Bad"
"682","Dorothy","F","lazy",0.81888471413162,"Bad"
"683","Dorothy","F","disagreeable",0.651572465195954,"Bad"
"684","Dorothy","F","lousy",0.566590900546366,"Bad"
"685","Dorothy","F","sad",0.819283017172513,"Bad"
"686","Dorothy","F","hate",0.78716625475367,"Bad"
"687","Dorothy","F","violent",0.841762063461545,"Bad"
"688","Dorothy","F","bitter",0.879752550604218,"Bad"
"689","Dorothy","F","harsh",0.843315466073183,"Bad"
"690","Dorothy","F","angry",0.700838480473207,"Bad"
"691","Sarah","F","rude",0.882100034452037,"Bad"
"692","Sarah","F","lazy",0.928401725348056,"Bad"
"693","Sarah","F","disagreeable",0.69230306697146,"Bad"
"694","Sarah","F","lousy",0.648468219405209,"Bad"
"695","Sarah","F","sad",0.913981052382626,"Bad"
"696","Sarah","F","hate",0.888750754470559,"Bad"
"697","Sarah","F","violent",0.911849512007872,"Bad"
"698","Sarah","F","bitter",0.904113921172037,"Bad"
"699","Sarah","F","harsh",0.959658103393396,"Bad"
"700","Sarah","F","angry",0.794436530379305,"Bad"
"701","Jessica","F","rude",0.855921968297693,"Bad"
"702","Jessica","F","lazy",0.919492064012514,"Bad"
"703","Jessica","F","disagreeable",0.670175389264612,"Bad"
"704","Jessica","F","lousy",0.620737182975803,"Bad"
"705","Jessica","F","sad",0.922132084081232,"Bad"
"706","Jessica","F","hate",0.879882441805162,"Bad"
"707","Jessica","F","violent",0.870848734459186,"Bad"
"708","Jessica","F","bitter",0.888879244900996,"Bad"
"709","Jessica","F","harsh",0.965805410702627,"Bad"
"710","Jessica","F","angry",0.766629592940587,"Bad"
"711","Helen","F","rude",0.849429569933364,"Bad"
"712","Helen","F","lazy",0.911051020938614,"Bad"
"713","Helen","F","disagreeable",0.668402913063098,"Bad"
"714","Helen","F","lousy",0.588889991058934,"Bad"
"715","Helen","F","sad",0.901845278222248,"Bad"
"716","Helen","F","hate",0.872153872115325,"Bad"
"717","Helen","F","violent",0.906544448229407,"Bad"
"718","Helen","F","bitter",0.89943904848046,"Bad"
"719","Helen","F","harsh",0.948888080477136,"Bad"
"720","Helen","F","angry",0.775288274246931,"Bad"
"721","Nancy","F","rude",0.880554690594179,"Bad"
"722","Nancy","F","lazy",0.91276504523503,"Bad"
"723","Nancy","F","disagreeable",0.693764883402803,"Bad"
"724","Nancy","F","lousy",0.605827917798913,"Bad"
"725","Nancy","F","sad",0.916921286969835,"Bad"
"726","Nancy","F","hate",0.8678246265762,"Bad"
"727","Nancy","F","violent",0.926730485079217,"Bad"
"728","Nancy","F","bitter",0.947696387938584,"Bad"
"729","Nancy","F","harsh",0.947404716390837,"Bad"
"730","Nancy","F","angry",0.777559839791975,"Bad"
"731","Betty","F","rude",0.938859013278578,"Bad"
"732","Betty","F","lazy",0.941158421299127,"Bad"
"733","Betty","F","disagreeable",0.73082866574119,"Bad"
"734","Betty","F","lousy",0.679868479063098,"Bad"
"735","Betty","F","sad",0.909513977943018,"Bad"
"736","Betty","F","hate",0.92646537629071,"Bad"
"737","Betty","F","violent",0.975936872495885,"Bad"
"738","Betty","F","bitter",0.901987171086547,"Bad"
"739","Betty","F","harsh",0.980147571345825,"Bad"
"740","Betty","F","angry",0.825359490457104,"Bad"
"741","Karen","F","rude",0.811963507057583,"Bad"
"742","Karen","F","lazy",0.844596047011795,"Bad"
"743","Karen","F","disagreeable",0.626413589286271,"Bad"
"744","Karen","F","lousy",0.632635604355864,"Bad"
"745","Karen","F","sad",0.884380091087437,"Bad"
"746","Karen","F","hate",0.840319373600332,"Bad"
"747","Karen","F","violent",0.827172122079813,"Bad"
"748","Karen","F","bitter",0.865657686482589,"Bad"
"749","Karen","F","harsh",0.918901388488689,"Bad"
"750","Karen","F","angry",0.74140292665576,"Bad"
"751","Lisa","F","rude",0.899420648235778,"Bad"
"752","Lisa","F","lazy",0.922965525239308,"Bad"
"753","Lisa","F","disagreeable",0.688824746281551,"Bad"
"754","Lisa","F","lousy",0.628976653444431,"Bad"
"755","Lisa","F","sad",0.913763500617498,"Bad"
"756","Lisa","F","hate",0.888298530411886,"Bad"
"757","Lisa","F","violent",0.916427558599851,"Bad"
"758","Lisa","F","bitter",0.908581047492034,"Bad"
"759","Lisa","F","harsh",0.980983105012929,"Bad"
"760","Lisa","F","angry",0.779865231350738,"Bad"
"761","Anna","F","rude",0.781735173509984,"Bad"
"762","Anna","F","lazy",0.792273930944919,"Bad"
"763","Anna","F","disagreeable",0.624627693357432,"Bad"
"764","Anna","F","lousy",0.565886814491881,"Bad"
"765","Anna","F","sad",0.827786455061086,"Bad"
"766","Anna","F","hate",0.788958307155354,"Bad"
"767","Anna","F","violent",0.778592432470497,"Bad"
"768","Anna","F","bitter",0.804930653386117,"Bad"
"769","Anna","F","harsh",0.824479339655339,"Bad"
"770","Anna","F","angry",0.72205404905858,"Bad"
"771","Sandra","F","rude",0.759795060703341,"Bad"
"772","Sandra","F","lazy",0.783602469769384,"Bad"
"773","Sandra","F","disagreeable",0.612531330999338,"Bad"
"774","Sandra","F","lousy",0.582723557179573,"Bad"
"775","Sandra","F","sad",0.798141084152793,"Bad"
"776","Sandra","F","hate",0.73937068534582,"Bad"
"777","Sandra","F","violent",0.755147165814116,"Bad"
"778","Sandra","F","bitter",0.799594565134946,"Bad"
"779","Sandra","F","harsh",0.815586781554751,"Bad"
"780","Sandra","F","angry",0.663601798091279,"Bad"
"781","Emily","F","rude",0.667612152171822,"Bad"
"782","Emily","F","lazy",0.603240348803616,"Bad"
"783","Emily","F","disagreeable",0.560123335594972,"Bad"
"784","Emily","F","lousy",0.536039161946329,"Bad"
"785","Emily","F","sad",0.713009740819756,"Bad"
"786","Emily","F","hate",0.654406344985426,"Bad"
"787","Emily","F","violent",0.581984330808176,"Bad"
"788","Emily","F","bitter",0.662286976095834,"Bad"
"789","Emily","F","harsh",0.687972195846809,"Bad"
"790","Emily","F","angry",0.6548878641705,"Bad"
"791","Ashley","F","rude",0.84095127674006,"Bad"
"792","Ashley","F","lazy",0.869941069757714,"Bad"
"793","Ashley","F","disagreeable",0.695501250853476,"Bad"
"794","Ashley","F","lousy",0.583448447270104,"Bad"
"795","Ashley","F","sad",0.907884241985491,"Bad"
"796","Ashley","F","hate",0.849219627291976,"Bad"
"797","Ashley","F","violent",0.85206526663632,"Bad"
"798","Ashley","F","bitter",0.85622987840724,"Bad"
"799","Ashley","F","harsh",0.90503220405982,"Bad"
"800","Ashley","F","angry",0.781762237779652,"Bad"
